unit_i,unit_j,sttc_rebound,mouse,sttc_late,probe,dz
0,1,0.03526848419825191,ACR_17,0.07368105494637633,optrode,-0.03853170838687011
0,2,0.02517982312599366,ACR_17,0.03898799006742926,optrode,-0.013822616158173155
0,3,0.02992335264599643,ACR_17,0.027936566972584703,optrode,0.0019884505486121307
0,4,0.02712082156429023,ACR_17,0.027990217852157884,optrode,-0.0008700569829042
0,5,0.032292928692839604,ACR_17,0.0252130301786374,optrode,0.007085786269355517
1,5,0.023293934730218825,ACR_17,0.02422557125512547,optrode,-0.000932162822502431
2,3,0.0340045099053876,ACR_17,0.0048674864742908885,optrode,0.029150100637803933
2,5,0.020753993510041008,ACR_17,0.01482254023482579,optrode,0.005933348137421858
3,4,0.0437946267326202,ACR_17,0.019534597779577424,optrode,0.024285574761624438
3,5,0.015224154504948156,ACR_17,0.006222084849983545,optrode,0.00900316571425419
0,2,0.02864956596830275,ACR_18,0.01588694198556838,optrode,0.012769129546949042
0,5,0.019945585978685062,ACR_18,0.018844922829166263,optrode,0.0011010774596424272
0,8,0.018909840476789366,ACR_18,0.014138158877187564,optrode,0.004772993896343525
0,10,0.043875072624202746,ACR_18,0.0197510077813712,optrode,0.02414968199270124
0,13,0.00987839748544707,ACR_18,0.002667653824295055,optrode,0.0072110586722836665
0,17,0.009182391390825181,ACR_18,0.008340354412587452,optrode,0.0008421016691269306
0,18,0.04545674773849695,ACR_18,0.015766661516121466,optrode,0.029720127770015366
0,19,0.019728919284289798,ACR_18,0.013136064950984336,optrode,0.006594658980630037
1,2,0.02045238790328847,ACR_18,0.015562675307584251,optrode,0.004891308464445819
1,3,0.005096130625112506,ACR_18,-0.004502344557947721,optrode,0.009598549723053636
1,10,0.0237405498618046,ACR_18,0.01801561100878279,optrode,0.005727451086361638
1,12,0.008436545684443629,ACR_18,0.007417381935937086,optrode,0.0010192278817238902
1,14,0.006609144135023358,ACR_18,0.003282953417515429,optrode,0.003326275156504439
1,16,0.0017465123593078265,ACR_18,-0.002974866171179452,optrode,0.004721389082021209
1,17,0.0035579810833157813,ACR_18,-0.0004900658211650262,optrode,0.004048061957593223
1,18,0.039925558006439155,ACR_18,0.02276586356454445,optrode,0.017176994914240972
1,19,0.010317866659611999,ACR_18,0.008777150057168379,optrode,0.0015408573640864343
2,3,0.0014122993010659791,ACR_18,0.0017721914673528467,optrode,-0.0003598930825886933
2,4,0.011776506329608891,ACR_18,0.0019277122196868224,optrode,0.009849336179965416
2,5,0.012186930602796141,ACR_18,0.006831491870648093,optrode,0.005355935848838798
2,8,0.020888088437391643,ACR_18,0.014698855471340396,optrode,0.006191212940178518
2,9,0.012652238905463038,ACR_18,0.0066075891223266025,optrode,0.006045228802386134
2,10,0.04821541838821638,ACR_18,0.03815409990030104,optrode,0.01008020296566283
2,12,0.019598430752912493,ACR_18,0.008950274963902211,optrode,0.010650426604014277
2,13,0.010906605499113401,ACR_18,0.0036578321645443523,optrode,0.007249189513305176
2,15,0.006340167588926362,ACR_18,0.0010201835243522786,optrode,0.005320068666133758
2,16,0.015591720803497227,ACR_18,0.003121710105124936,optrode,0.012471264200446239
2,17,0.0014059221426955518,ACR_18,0.002118165744012235,optrode,-0.0007122458428067933
2,18,0.05206045764780197,ACR_18,0.04457159295750905,optrode,0.007506423382986134
2,19,0.017640274059346074,ACR_18,0.012608097249268934,optrode,0.005033338772238731
3,4,0.03563837220594486,ACR_18,0.02526990387138335,optrode,0.010378186952618586
3,7,0.05723220718120417,ACR_18,0.03887458041168472,optrode,0.018400637760624595
3,9,0.01780289943659525,ACR_18,0.011061024818385602,optrode,0.006743304687275797
3,11,0.012859773784114162,ACR_18,0.00990157873030463,optrode,0.0029585804071724092
3,12,0.014263264212267576,ACR_18,0.010198564000959028,optrode,0.004065313963551257
3,13,0.009716074663689551,ACR_18,0.005952441365650414,optrode,0.0037638687517452
3,14,0.07738180573597456,ACR_18,0.05267361683282955,optrode,0.02481440308904781
3,15,0.009066405908072606,ACR_18,0.007989657634646005,optrode,0.0010768266922208773
3,16,0.0016139240118370722,ACR_18,0.0017782597021373668,optrode,-0.00016433616342051535
4,6,0.018896488068799865,ACR_18,0.029512603185974852,optrode,-0.010622438377999657
4,8,0.022373129791212497,ACR_18,0.025418991508365844,optrode,-0.003047604326909186
4,9,0.01132654328558514,ACR_18,0.020673318311759115,optrode,-0.009349236544297914
4,10,0.07773442611247253,ACR_18,0.0669776573242896,optrode,0.010813488152383352
4,12,0.010916214858115829,ACR_18,0.012752284442240837,optrode,-0.0018363272769445858
4,14,0.04244337274568033,ACR_18,0.03315621227321283,optrode,0.009300516508093284
4,15,0.022116751717826556,ACR_18,0.02410215087002182,optrode,-0.0019864606689535477
4,16,-0.005545142152232632,ACR_18,0.0038601141438451836,optrode,-0.009405332304939302
4,17,0.022539490743366287,ACR_18,0.023332240889925304,optrode,-0.0007931674370414317
4,18,0.057188456356700675,ACR_18,0.046292237585705276,optrode,0.010925576491901637
5,8,0.018346340251175704,ACR_18,0.011509755061702253,optrode,0.006838135702551602
5,10,0.03262742455499665,ACR_18,0.02539097117825055,optrode,0.007242579963009681
5,12,0.018527488661124986,ACR_18,0.019698056753315447,optrode,-0.0011709959886840489
5,13,0.009458588234310492,ACR_18,0.004197889848294351,optrode,0.005260955812625017
5,14,0.024209843025338382,ACR_18,0.019160888338516105,optrode,0.005051340856465393
5,16,0.012397612070276169,ACR_18,0.014310313571492988,optrode,-0.0019130432346523858
6,9,0.0336710833356586,ACR_18,0.016756978807710193,optrode,0.016925269266001082
6,12,0.05280770302634133,ACR_18,0.04703495561870434,optrode,0.00578718611250701
6,16,0.04381719383566943,ACR_18,0.02473244324681896,optrode,0.019107780413973107
7,9,0.049376972931226684,ACR_18,0.031077058613690665,optrode,0.01833009117615312
7,10,0.0666526336260691,ACR_18,0.03203432481834728,optrode,0.03470631121415709
7,12,0.0431023352525119,ACR_18,0.030025749418060948,optrode,0.013094279550691597
7,14,0.04604633723592685,ACR_18,0.019301524914713892,optrode,0.026774999809910924
7,15,0.05366415329413446,ACR_18,0.0449520246050598,optrode,0.008733417918626578
7,16,0.021001313562080317,ACR_18,0.019190265092603236,optrode,0.001811780636330508
7,18,0.04972161537507183,ACR_18,0.03173022234968202,optrode,0.01802177331097117
7,19,0.03153494354454586,ACR_18,0.01805797367141166,optrode,0.013485466222826537
8,9,0.017379896193769596,ACR_18,0.019562063106948774,optrode,-0.002182912540334203
8,11,0.021360269368992435,ACR_18,0.019522239832312223,optrode,0.0018387983877311068
8,12,0.030702656371052073,ACR_18,0.017554827955865427,optrode,0.013155677557894773
8,15,0.020454711333751117,ACR_18,0.016237152153841618,optrode,0.004218985439692596
8,16,0.03704502240487064,ACR_18,0.014064791134236912,optrode,0.022996263747055233
8,17,0.00041817233270382333,ACR_18,0.0008757490433654921,optrode,-0.00045757691016803785
9,12,0.026017573180538166,ACR_18,0.02829734309815751,optrode,-0.0022814535434657716
9,13,0.012100106395079977,ACR_18,0.005264077528270779,optrode,0.006836570830365852
9,14,0.03385360985822082,ACR_18,0.030444731932489675,optrode,0.0034124082038664086
9,18,0.045696559766594216,ACR_18,0.027118548754006405,optrode,0.018603207666938047
9,19,0.01898376374590256,ACR_18,0.018628250973083835,optrode,0.00035563855380352574
10,13,0.08233765352524786,ACR_18,0.043846245114815906,optrode,0.0386501075525461
10,14,0.14798367590782466,ACR_18,0.10063224280998112,optrode,0.048104317697555354
10,15,0.04141684392108502,ACR_18,0.026300344446085713,optrode,0.0151341388358977
10,17,0.11086538663488119,ACR_18,0.08799333683829286,optrode,0.023101482986507618
10,18,0.126561932379103,ACR_18,0.10185000062575285,optrode,0.025039868531098214
10,20,0.0224413315565301,ACR_18,0.009505097196389534,optrode,0.01293971648291731
11,12,0.0898415947348006,ACR_18,0.07310600264408779,optrode,0.016847831403895314
11,13,0.01855902135911247,ACR_18,0.01045559806719706,optrode,0.008105173513270498
11,14,0.023411316479701225,ACR_18,0.011718281581723694,optrode,0.011696777050865121
11,15,0.027940740756891208,ACR_18,0.01753057088230498,optrode,0.010415648086391387
11,16,0.02064636916787951,ACR_18,0.011777253973056791,optrode,0.00887150504398853
11,17,0.003763546571113655,ACR_18,-0.0014124589643661027,optrode,0.005176024244248741
11,19,0.02961500216579608,ACR_18,0.015983262088823103,optrode,0.013639041303942511
12,14,0.0120648914829021,ACR_18,0.0008532240222566935,optrode,0.011212252699726194
12,16,0.050310601694641674,ACR_18,0.030616169130543838,optrode,0.01972737374721323
12,19,0.026060699873056516,ACR_18,0.025852418762200388,optrode,0.00020842153415539036
12,20,0.011310252745629763,ACR_18,0.001132098782359191,optrode,0.010178635792667133
13,14,0.04718297470338214,ACR_18,0.017166126430082605,optrode,0.03005022210393161
13,15,0.030136255142235818,ACR_18,0.015848254527654655,optrode,0.014295801722869487
13,16,0.0032119851978649207,ACR_18,0.005926541838489365,optrode,-0.0027146149839137415
13,17,0.06498436617705589,ACR_18,0.03425134761087509,optrode,0.030811323196145546
13,18,0.04864873688255461,ACR_18,0.03066650999860225,optrode,0.018011041744400966
14,16,0.01264578734699302,ACR_18,0.00776808955439668,optrode,0.004878215688771358
14,17,0.05933408284340593,ACR_18,0.03720448907700234,optrode,0.022182190323664426
15,16,0.041491430075841246,ACR_18,0.03698708885518666,optrode,0.00451129502406427
15,18,0.05587478297447063,ACR_18,0.03523643038616893,optrode,0.02068201448723963
15,19,0.025980922247062582,ACR_18,0.02145384629233,optrode,0.004529631690847823
16,17,-0.004081832715908576,ACR_18,-0.002818153450960167,optrode,-0.001263694474184196
16,18,0.03566484455503373,ACR_18,0.02496522527323161,optrode,0.010709563933039564
16,19,0.008698183173389967,ACR_18,0.0001976540471324245,optrode,0.008500748497155281
17,18,0.04837164798837704,ACR_18,0.02898306266355756,optrode,0.019418245778482335
17,20,0.016246180041481165,ACR_18,-0.004013885273692014,optrode,0.02026151642811805
18,19,0.10034722286282144,ACR_18,0.07427548910540525,optrode,0.026273558324604332
18,20,0.04789572377837993,ACR_18,0.012305142159919402,optrode,0.03562663525628411
0,3,0.023750638838252923,ACR_19,0.01434354961655247,optrode,0.009410572799229466
0,4,0.012820627833759814,ACR_19,0.025281969384636817,optrode,-0.012466027671879081
0,7,0.07350626344073337,ACR_19,0.06344670048913092,optrode,0.010107041998868346
0,11,-0.0037249176930254473,ACR_19,-0.009992351474794284,optrode,0.006267749142857123
0,12,0.007135928949486953,ACR_19,0.004122755896267358,optrode,0.0030132708223876694
0,13,0.0064834146422186704,ACR_19,-6.886374747036572e-07,optrode,0.00648419412470633
0,14,0.041046705856936684,ACR_19,0.007614703735631522,optrode,0.03345493054020672
0,16,0.007850463673991212,ACR_19,0.004868426961028308,optrode,0.002982159529357079
0,18,0.0029201498721096487,ACR_19,0.0019534778951062967,optrode,0.000966677792474102
1,4,0.007569109497898425,ACR_19,0.02836113450144003,optrode,-0.020799488252379
1,5,0.017711019958675103,ACR_19,0.027922895254911193,optrode,-0.010217283528386242
1,6,0.016143693668633226,ACR_19,0.004505159963392747,optrode,0.011639905894871414
1,7,0.0461565213286083,ACR_19,0.07489872782226281,optrode,-0.0288499162947004
1,9,0.010154271847647106,ACR_19,0.01644905162180826,optrode,-0.006295914540807832
1,10,0.0054718062715067815,ACR_19,0.008586427994192335,optrode,-0.0031147781376664723
1,11,0.0017911984431893957,ACR_19,0.008066591350120549,optrode,-0.006275565962223319
1,14,0.016337859500688875,ACR_19,0.007331189561214587,optrode,0.00900799249116438
1,20,0.0023905760170269707,ACR_19,0.00782872150848812,optrode,-0.005438300881255402
1,21,-0.0010749949011344268,ACR_19,-0.006232718672350528,optrode,0.005157804066025203
2,4,0.004915427990615607,ACR_19,0.014184638438569735,optrode,-0.009270122309495008
2,5,0.015198592080679862,ACR_19,0.012862698899536965,optrode,0.0023363541766965625
2,6,0.007893619048233476,ACR_19,0.0035670176119957375,optrode,0.004326750262219015
2,9,0.007186925510844745,ACR_19,0.005607791099585049,optrode,0.0015791993700983798
2,11,0.010653705406187569,ACR_19,0.0048923612360835325,optrode,0.005761708234080421
2,12,0.0019685541714451298,ACR_19,0.0022375209693475187,optrode,-0.00026896798910666913
2,14,0.02316630975432131,ACR_19,0.0028287624563599952,optrode,0.0203416853699839
2,15,0.033990430352587586,ACR_19,0.005579102758153154,optrode,0.028424369063315053
2,16,0.008802596176732229,ACR_19,0.008767859901399735,optrode,3.473895649669899e-05
2,17,0.006941906510829611,ACR_19,0.0024112254677802307,optrode,0.004530787883606797
2,18,0.006105480991958373,ACR_19,0.0032470905967993645,optrode,0.002858454849242741
2,20,-0.0015926340373329153,ACR_19,0.00240701240400305,optrode,-0.0039996524364269
2,21,0.0023864560330176515,ACR_19,-0.0004509860538132772,optrode,0.002837446647847703
3,4,0.006643276888436566,ACR_19,0.00393772782429528,optrode,0.0027056264436599057
3,5,0.013989809357048775,ACR_19,0.0009732812099758972,optrode,0.013017440617693679
3,7,0.05556721294392564,ACR_19,0.032176088481797635,optrode,0.0234373116822697
3,10,0.019502558704804464,ACR_19,0.0061953052553265385,optrode,0.013309647347815059
3,11,0.007335501453363997,ACR_19,-0.005857124638044636,optrode,0.013192824648451692
3,14,0.04603709833638843,ACR_19,0.007661081121132557,optrode,0.03840843264659203
3,15,0.09688628345152547,ACR_19,0.0492049019916842,optrode,0.04794648789558866
3,16,-0.00735824135809306,ACR_19,-0.00473507010209083,optrode,-0.002623268672523508
3,17,0.03163053916385327,ACR_19,0.02344379856313455,optrode,0.008192999215409152
3,18,0.022229382892714405,ACR_19,0.024621452317894615,optrode,-0.0023933839388226574
3,19,0.03882153501678526,ACR_19,0.021848132261080157,optrode,0.016989445873889602
3,21,0.007991466136174432,ACR_19,0.008067314813562007,optrode,-7.585356778776892e-05
4,5,0.007520927876530768,ACR_19,0.010133267190883151,optrode,-0.0026125443638716234
4,6,3.585091775698199e-05,ACR_19,-0.005118452327270213,optrode,0.0051543479444288096
4,7,0.05765976606035046,ACR_19,0.06282161815991989,optrode,-0.005180664094553512
4,10,0.018940598375944043,ACR_19,0.010112673238919685,optrode,0.008829845831755207
4,11,0.003044326831823676,ACR_19,0.002146220855400581,optrode,0.0008981120859781495
4,12,0.0012094562058228946,ACR_19,0.0029308608016593712,optrode,-0.0017214123981324236
4,14,0.02907985492228765,ACR_19,0.025212371081253876,optrode,0.0038703407779044213
4,15,0.03530026956281218,ACR_19,0.02293084349621885,optrode,0.012380079239419788
4,16,0.0037739042793776857,ACR_19,0.007821227794119005,optrode,-0.004047465083032549
4,17,0.009106067133745862,ACR_19,0.017537741369150515,optrode,-0.008433220903256293
4,19,0.005462344798728517,ACR_19,0.010314871114377983,optrode,-0.004852837833276553
4,20,0.005908404752735542,ACR_19,0.01407454699096048,optrode,-0.00816700295042319
5,7,0.0334596716670434,ACR_19,0.030684282161462503,optrode,0.0027782490357544792
5,8,0.015742114715407124,ACR_19,0.009618176934892928,optrode,0.006124941740135996
5,9,0.01837484459504487,ACR_19,0.026292784384645478,optrode,-0.007921932714631926
5,10,0.015136842791035101,ACR_19,0.012232230786103717,optrode,0.0029051580878995207
5,11,0.007744021386579893,ACR_19,0.006017476966305856,optrode,0.0017266265959059238
5,14,0.027927530586217032,ACR_19,0.010380331334488686,optrode,0.017554090460188868
5,15,0.03436460225904876,ACR_19,0.021675414219175668,optrode,0.012699329484859107
5,16,0.00613977622601513,ACR_19,0.0039990755280957056,optrode,0.0021407565309934772
5,17,0.014232570884880655,ACR_19,0.012149090908088911,optrode,0.002083843315738099
5,18,0.005564397245646547,ACR_19,0.0033931954548537717,optrode,0.0021712461981871745
5,19,-0.01076614988116646,ACR_19,-0.009774130141633659,optrode,-0.00099212446602767
5,20,0.01829342421723408,ACR_19,0.01632575952677975,optrode,0.001968255058717297
5,21,-0.004115925057335396,ACR_19,0.0010968029175350315,optrode,-0.005212751657324442
6,7,-0.0016530977930685198,ACR_19,-0.009380900419489357,optrode,0.007728076312245403
6,9,0.009095326270112558,ACR_19,0.008925508914728118,optrode,0.00016983114397996733
6,10,0.013003917971448127,ACR_19,0.01065785575495637,optrode,0.0023463917174844466
6,11,0.011083230171894488,ACR_19,0.009671398434533584,optrode,0.0014119840266573081
6,12,-0.0021456116023178297,ACR_19,0.0032658644576306333,optrode,-0.0054114909636755
6,14,0.0034285361454647195,ACR_19,0.003026460081619828,optrode,0.000402080257629122
6,16,0.018092391869761044,ACR_19,0.016085906462736624,optrode,0.002007072224585422
6,17,0.002265215986298093,ACR_19,-0.0012413133542616313,optrode,0.0035065338525631672
6,19,0.008223233226921936,ACR_19,0.01026138292452354,optrode,-0.0020383245176594633
6,20,0.002618892047758733,ACR_19,0.002538728280140703,optrode,8.016430077455302e-05
6,21,0.002612066456652393,ACR_19,0.0011439280125258838,optrode,0.00146814388579504
7,8,-0.018891746941219756,ACR_19,-0.032120451111387074,optrode,0.013237509529205216
7,9,0.014718715954496558,ACR_19,0.029467311856232282,optrode,-0.01475606636239265
7,11,0.04207416574487574,ACR_19,0.03258225323132609,optrode,0.009505228818317807
7,12,0.016501775141010463,ACR_19,0.016086339956421794,optrode,0.0004155455163732946
7,14,0.09542875044619226,ACR_19,0.04339786516553658,optrode,0.05229488143706063
7,15,0.10821479104739558,ACR_19,0.0724327224258797,optrode,0.03608040298380716
7,16,0.03270372618740782,ACR_19,0.024637372281261928,optrode,0.008073033860772464
7,18,0.0326983498635355,ACR_19,0.019515127390140552,optrode,0.013192405503649952
7,19,0.04589456520708942,ACR_19,0.04319451611816982,optrode,0.0027054188813023586
7,20,0.025476805033224623,ACR_19,0.013307720103692078,optrode,0.012173813471115047
7,21,0.019146183855165116,ACR_19,0.0052962932010322955,optrode,0.013852181159155676
8,9,0.006239747368073337,ACR_19,0.004803505420909409,optrode,0.001436285984091879
8,10,0.00739348273028397,ACR_19,-0.0004022637822975808,optrode,0.007795881256793021
8,12,0.009519745309001765,ACR_19,0.007801656505126698,optrode,0.0017182181063164874
8,13,0.0019039904988733234,ACR_19,0.006686776551540598,optrode,-0.004782883416470273
8,15,-0.009626013575412887,ACR_19,-0.006203362039453736,optrode,-0.003422869294592356
8,16,-0.010786377635635775,ACR_19,-0.008180647570579947,optrode,-0.002605965912878011
8,17,-0.00863036564457989,ACR_19,-0.01507272113233605,optrode,0.00644328280305698
8,18,-0.009242582281499007,ACR_19,-0.009336471242267483,optrode,9.389706371345889e-05
8,19,-0.0022234504317066284,ACR_19,-0.008505514837230235,optrode,0.006282265857407472
8,20,0.013354196383815003,ACR_19,0.014088054566374191,optrode,-0.0007339964045027722
8,21,-0.0029859143741492932,ACR_19,0.0029383926627007994,optrode,-0.0059243243676074375
9,10,-0.002782815384611507,ACR_19,-0.002116210380817553,optrode,-0.0006666090282089411
9,13,0.02367880329414557,ACR_19,0.023867422390438146,optrode,-0.00018872575727110763
9,14,-0.0018403267640777765,ACR_19,0.001415204461007201,optrode,-0.003255534247490385
9,15,0.039272920670758785,ACR_19,0.025991886293396924,optrode,0.013295388549927067
9,20,0.019328476413598243,ACR_19,0.01781852525641976,optrode,0.0015104725197151656
9,21,-0.006033769109286443,ACR_19,0.0005384629356637444,optrode,-0.006572305321133651
10,11,0.0024107104891337413,ACR_19,0.0001612900623459701,optrode,0.002249425095373571
10,15,0.05366931555722142,ACR_19,0.02435860602150927,optrode,0.029357509017245705
10,20,0.006119654406475682,ACR_19,0.003188228331444057,optrode,0.002931491668147433
11,12,0.006306336156609145,ACR_19,0.0038830540414719512,optrode,0.002423346201320333
11,14,0.04262917605664743,ACR_19,0.019901539023472817,optrode,0.0227508597007522
11,16,0.05450173091078307,ACR_19,0.054990030858810046,optrode,-0.0004897678467084415
11,18,0.021603293531926582,ACR_19,0.015509101279539583,optrode,0.0060963103036303
11,19,0.014863608803175356,ACR_19,0.010498951100066713,optrode,0.0043653666535142955
11,20,0.011789834764190772,ACR_19,0.007399989742687097,optrode,0.004390256251668345
11,21,0.0007935028263417916,ACR_19,-0.005986920562826422,optrode,0.00678049508741474
12,13,0.03538472490188498,ACR_19,0.02295791805432152,optrode,0.012437551384108559
12,16,0.04955249869201185,ACR_19,0.05457221976111545,optrode,-0.005033374661004113
12,17,0.02313625284129984,ACR_19,0.022825312338158026,optrode,0.0003111048051936058
12,18,0.01952441990535095,ACR_19,0.012673223763612,optrode,0.0068529990815529625
12,19,0.05700581497697997,ACR_19,0.04962923779539249,optrode,0.007397640815970802
12,20,0.007672795710344328,ACR_19,0.0023384725301774014,optrode,0.005334469493278317
12,21,-0.0018916759139875616,ACR_19,0.0033154907254376686,optrode,-0.005207181044412159
13,14,0.0017455073380215902,ACR_19,-0.0012985477970155965,optrode,0.003044057637657864
13,15,0.05059915406274253,ACR_19,0.01768338216537528,optrode,0.032957177371674314
13,17,0.023393623747532958,ACR_19,0.02003442232256131,optrode,0.0033607891993272486
13,18,0.016580496804155593,ACR_19,0.002781013512344012,optrode,0.013800995770306752
13,19,0.018523216634980463,ACR_19,0.004203427371101052,optrode,0.014321883440877627
13,20,0.003820899859713572,ACR_19,-0.0037739037429303525,optrode,0.007594840113502093
14,15,0.08767101246136874,ACR_19,0.015863824677030708,optrode,0.07203151758442836
14,16,0.032840995647654705,ACR_19,0.019130150504434333,optrode,0.013720325313877305
14,18,0.036641536578187486,ACR_19,0.013299848243600913,optrode,0.02335731562431452
14,19,0.036086231502211005,ACR_19,0.01569638856193025,optrode,0.020404229949427845
14,21,0.002160335079084953,ACR_19,0.004413851306327035,optrode,-0.002253541530445166
15,16,0.08162808221131689,ACR_19,0.04169538493535814,optrode,0.04009053766121543
15,20,0.04202240484604772,ACR_19,0.016655719065918118,optrode,0.025389907137223305
15,21,0.005411747497175712,ACR_19,0.015711725665229923,optrode,-0.0103012183841
16,17,0.010849702149575927,ACR_19,0.010162088004145012,optrode,0.0006876900755270546
16,19,0.03478159744271595,ACR_19,0.04876939411821289,optrode,-0.014012481218762265
16,20,0.019134758549330014,ACR_19,0.008965044270082281,optrode,0.010171809928285678
16,21,0.005108799000561402,ACR_19,0.00643374146356963,optrode,-0.0013249867889426623
17,18,0.015856807211318408,ACR_19,0.0033494333510711597,optrode,0.01250869053833036
17,20,0.000946855605872816,ACR_19,-0.010829960791475478,optrode,0.011777240118440911
18,21,-0.0004779166450019053,ACR_19,-0.005111919930172105,optrode,0.0046340477772448645
19,20,-0.012512246641344316,ACR_19,-0.026679554150184637,optrode,0.014172987351788988
19,21,0.003030251126356581,ACR_19,-0.008255382575933477,optrode,0.011285830523490534
20,21,-0.015286642400008325,ACR_19,-0.023883612733561765,optrode,0.008600322272154938
0,1,0.03608087393611917,ACR_23,0.04678676140211124,optrode,-0.010724401841251209
0,2,0.04129357843415648,ACR_23,0.015066711165287267,optrode,0.026249221792937913
0,3,0.07153962787262517,ACR_23,0.04515157558537514,optrode,0.026479752528013448
0,4,0.03612145435597994,ACR_23,0.024810475961305364,optrode,0.011321607983688229
0,5,0.043934006124617495,ACR_23,0.037501483013512436,optrode,0.0064432279270338205
0,6,0.015261600907133103,ACR_23,0.011218236552236641,optrode,0.004044078777018612
0,7,0.01456835881494737,ACR_23,0.006874759182820704,optrode,0.007694522103283099
0,8,0.01624564341847075,ACR_23,0.015705620552988683,optrode,0.0005401607388877648
0,10,0.011033075335893223,ACR_23,0.013368110840496283,optrode,-0.0023353841987354216
0,11,0.02367953157496233,ACR_23,0.02611379171925218,optrode,-0.002435771147612179
0,12,0.038533896534847074,ACR_23,0.04008118345666427,optrode,-0.0015496816191660698
0,13,0.03355128798295936,ACR_23,0.037630450449793094,optrode,-0.00408434183557603
0,14,0.018103490458873342,ACR_23,0.007592245620485959,optrode,0.010513077068502154
1,2,0.04103310348791152,ACR_23,0.03182339417039127,optrode,0.009222012618052777
1,3,0.05731734367986498,ACR_23,0.04405199325856261,optrode,0.013299713569505156
1,4,0.021081787501562057,ACR_23,0.03593197522711988,optrode,-0.014862539680343144
1,5,0.04074752343875485,ACR_23,0.04771497466786612,optrode,-0.0069811376137916825
1,6,0.044227362291423156,ACR_23,0.032605839404947656,optrode,0.011638831654671444
1,7,0.009524257347683338,ACR_23,0.0066910288313487415,optrode,0.0028334166636579854
1,8,0.022438095705178067,ACR_23,0.017853095914109975,optrode,0.004586869397796171
1,10,0.005812491992805237,ACR_23,0.010886779505058352,optrode,-0.005074652190556041
1,11,0.0028392827192263662,ACR_23,0.024107671981214253,optrode,-0.02127305355926168
1,12,0.01239161384685121,ACR_23,0.022525426547028358,optrode,-0.010136989310979906
1,13,0.0007343777971359378,ACR_23,0.01391396955308733,optrode,-0.013180489636350875
1,14,0.012878022926094572,ACR_23,0.01732249289639158,optrode,-0.0044454909457635645
2,3,0.04310714116219872,ACR_23,0.017253311877961426,optrode,0.02587884774909178
2,5,0.059554571236447126,ACR_23,0.036886600872060644,optrode,0.022721785672654073
2,6,0.016320276620894577,ACR_23,0.014963025104002797,optrode,0.0013575838736560753
2,7,0.022565771676539288,ACR_23,0.010256963202167124,optrode,0.012312280196076279
2,9,0.012731526266232862,ACR_23,0.0009583160804720117,optrode,0.011773897851144433
2,10,-0.002205221362563776,ACR_23,-0.0012942039150759966,optrode,-0.0009110202995806789
2,11,0.006420682115651506,ACR_23,0.00571632999192246,optrode,0.0007043780928212067
2,12,0.009467133398868961,ACR_23,0.00752985575905637,optrode,0.001937418174807362
2,13,0.006846978289471263,ACR_23,0.008154926002515675,optrode,-0.0013080214944503942
2,14,0.009779208815137375,ACR_23,0.007269558025661026,optrode,0.002509834484582892
3,4,0.04178687068549748,ACR_23,0.021200345671881025,optrode,0.020607695416828418
3,5,0.010717870665096102,ACR_23,0.006435112058643109,optrode,0.0042830802022044805
3,6,0.021288192225113006,ACR_23,0.011625936223995284,optrode,0.009664948881791759
3,7,0.02861515446721983,ACR_23,0.02295424029869366,optrode,0.005664695512680059
3,8,0.044310095036866254,ACR_23,0.033175181971661305,optrode,0.011151767695728454
3,9,0.041242448831880454,ACR_23,0.006767498783406725,optrode,0.03449825426212103
3,10,0.03854679761685717,ACR_23,0.026075852523802488,optrode,0.012484141285034767
3,12,0.048218613471051164,ACR_23,0.03421648831626062,optrode,0.01402618477771906
3,13,0.058063657335087226,ACR_23,0.03971796884210353,optrode,0.018390167468639175
3,14,0.029996533464364504,ACR_23,0.018690776875566906,optrode,0.011312581362577366
4,5,0.010461120317517345,ACR_23,0.008041734912956521,optrode,0.0024195936756004413
4,7,0.030912067514514373,ACR_23,0.023155592654097595,optrode,0.00776218671388066
4,8,0.0371751872080344,ACR_23,0.025267416351177706,optrode,0.011919531049599703
4,9,0.016208860588904785,ACR_23,-0.007923582312311411,optrode,0.02413402845641839
4,10,0.06269439073026266,ACR_23,0.037858147067850983,optrode,0.024900477674686658
4,11,0.011139355565246235,ACR_23,0.03038372439728679,optrode,-0.019253263024934256
4,12,0.012546428489974695,ACR_23,0.007932622158294402,optrode,0.004614298319977506
4,14,0.02212362416090974,ACR_23,0.015036934023801508,optrode,0.007089167217361053
5,6,0.016543495446105692,ACR_23,0.009090368903732039,optrode,0.007454385632095944
5,7,0.01038939114484012,ACR_23,0.004662748031591179,optrode,0.005726983154126512
5,8,0.0771744873511993,ACR_23,0.03549544876282922,optrode,0.04181788449247043
5,9,0.03185437228036655,ACR_23,0.021855024291113335,optrode,0.010006648151050061
5,12,0.024129113144931092,ACR_23,0.021708592720970084,optrode,0.0024217937137062974
5,13,0.008155531279189526,ACR_23,0.006067260460207766,optrode,0.00208837719137428
5,14,0.033052283322590637,ACR_23,0.023868808611148363,optrode,0.009190984237497493
6,7,0.014859719273338609,ACR_23,0.009879985855413567,optrode,0.004980505799743084
6,8,0.0015783342126077134,ACR_23,-0.0015479297200799835,optrode,0.0031262664796324704
6,9,0.02910354208718008,ACR_23,-0.0016104369040963948,optrode,0.03072220161886123
6,10,0.0533363484425443,ACR_23,-0.000985647588591529,optrode,0.05437265933110434
6,11,-0.008145556746153176,ACR_23,-0.013072113159666564,optrode,0.004927120918057488
6,12,0.005760575380645186,ACR_23,0.004925572659495912,optrode,0.0008350266083789332
6,13,0.013344172347629517,ACR_23,0.011211354804614979,optrode,0.0021331399090542148
6,14,0.024581098159645147,ACR_23,0.017539680592374603,optrode,0.0070445712749153434
7,8,0.0076120245064051385,ACR_23,-0.0028117506959602304,optrode,0.010423929638326253
7,9,0.012342197546713733,ACR_23,0.005623011518650987,optrode,0.006719753515939633
7,10,0.006282931232692366,ACR_23,-0.0023365618863136033,optrode,0.008619580046522423
7,11,0.010947883850643159,ACR_23,0.0016742010812005811,optrode,0.009274118627105876
7,12,0.015933288864146154,ACR_23,0.012443945173112063,optrode,0.0034900498408369698
7,13,0.016161146054689213,ACR_23,0.015139988554870348,optrode,0.001021407772545278
8,9,0.008230168257250361,ACR_23,-0.01647004601202397,optrode,0.024701889579399353
8,10,0.01983882390400286,ACR_23,0.026533691494068014,optrode,-0.006698493790862046
8,11,0.04636083740038324,ACR_23,0.061400615472725496,optrode,-0.01508385614824681
8,14,0.0020079761417611183,ACR_23,0.001350784389357356,optrode,0.0006571936295526515
9,11,-0.0005051533843423162,ACR_23,-0.03118238256698401,optrode,0.030687341676197348
9,12,0.07726735114024835,ACR_23,0.053982940287715345,optrode,0.023386202185704495
9,13,0.03634163279562183,ACR_23,0.03064653048569916,optrode,0.005701514053043474
9,14,0.02197517623601826,ACR_23,0.02029639787388271,optrode,0.0016795290390139717
10,12,-0.006664953941144037,ACR_23,-0.007525836045344004,optrode,0.0008609255003571605
10,13,0.02302074361071332,ACR_23,0.01733186539075106,optrode,0.005691210390375991
10,14,0.01929710584707325,ACR_23,0.004393354099582718,optrode,0.014906119290730178
11,12,0.013056729057741344,ACR_23,0.0018378556013665392,optrode,0.011219613425464544
11,13,0.02648789164008682,ACR_23,0.03451796460224041,optrode,-0.00803759472149318
11,14,0.015704667542766636,ACR_23,0.014799381981293047,optrode,0.0009054962637698588
12,13,0.02031295900920889,ACR_23,0.026859692503013597,optrode,-0.006550401026450988
12,14,0.00916679939070727,ACR_23,0.014634268800999599,optrode,-0.005468257469474928
0,4,0.019699972836778434,ACR_31,0.020445009115695946,optrode,-0.0007453366132189644
0,6,0.07367022844548202,ACR_31,0.07715029123147205,optrode,-0.0034999697023152393
0,10,0.006331483583412265,ACR_31,0.008408480469023052,optrode,-0.0020771104541304555
0,11,0.03395368975346439,ACR_31,0.050446211989371784,optrode,-0.016522322971091664
0,13,0.08409714562653896,ACR_31,0.07575387771853262,optrode,0.008396958374466634
1,5,0.06324801291895879,ACR_31,0.0763169078242187,optrode,-0.013133038022829141
1,6,0.10260917756456013,ACR_31,0.09332469964417095,optrode,0.009374520026013161
1,7,0.14057593800142057,ACR_31,0.12424343430788343,optrode,0.016624363368791917
1,8,0.04828043918066163,ACR_31,0.052923553319602176,optrode,-0.004655042111863378
1,9,0.029068809628261735,ACR_31,0.04327270520961456,optrode,-0.014222743911153284
1,10,0.04161628554682842,ACR_31,0.04055988224939641,optrode,0.001058189865059747
1,14,0.03769810556106055,ACR_31,0.0275829739245859,optrode,0.010126006639448716
1,15,0.07927367764422706,ACR_31,0.0775526270009411,optrode,0.0017316986424691233
2,6,0.028748334040202564,ACR_31,0.021823776191131513,optrode,0.006929015912873274
2,7,0.07114626184879731,ACR_31,0.0878593947877277,optrode,-0.01681984763724413
2,8,0.015625836095462788,ACR_31,0.015241456548026704,optrode,0.00038447113221330015
2,10,0.010936127775856628,ACR_31,0.013478801324692737,optrode,-0.002543053891225876
2,14,0.01578385289611542,ACR_31,0.011018392989873744,optrode,0.004766324917600642
3,4,0.1425226800001522,ACR_31,0.14186834494418538,optrode,0.0006678384845872354
3,6,0.03372275663313475,ACR_31,0.031812893173343,optrode,0.001911916926674903
3,7,0.057836455142395014,ACR_31,0.06370978276961081,optrode,-0.005895117687562512
3,8,0.012829387457663127,ACR_31,0.01646346433541072,optrode,-0.0036348606237780415
3,9,0.027035255097867025,ACR_31,0.04016276845729055,optrode,-0.01314253948305676
3,10,0.007114317557040224,ACR_31,0.006875896030346506,optrode,0.0002384331947218243
3,14,0.0042157683970463315,ACR_31,-0.00942656221703659,optrode,0.013642634819446223
4,5,0.03435267941554153,ACR_31,0.04422952053388623,optrode,-0.009892193507898134
4,6,0.037474626550839274,ACR_31,0.04084300280563753,optrode,-0.003373552512570377
4,7,0.02650750119132196,ACR_31,0.025846119944604742,optrode,0.0006618347769160177
4,10,-0.0003033059756062731,ACR_31,0.00024997359296643,optrode,-0.0005532795830802156
4,11,0.005915929941357832,ACR_31,0.000672903960573519,optrode,0.005243094896356473
4,15,0.02150837305530711,ACR_31,0.020907600663328797,optrode,0.0006010427463176531
5,6,0.030845475300278254,ACR_31,0.022818591561522918,optrode,0.00803271020689561
5,7,0.021570535455530046,ACR_31,0.02269104962132361,optrode,-0.001121063348733787
5,8,0.02090758283958225,ACR_31,0.02279568091588839,optrode,-0.0018890006246719167
5,9,0.022572744202028504,ACR_31,0.03475967930393632,optrode,-0.012197109556479391
5,10,0.014018723995741663,ACR_31,0.019501808407586682,optrode,-0.005484638839090368
5,11,0.01942205008326401,ACR_31,0.017774653690711153,optrode,0.0016479667953327067
5,14,0.013014104021621613,ACR_31,0.006511089078467917,optrode,0.006503657724004465
5,15,0.034908852667038824,ACR_31,0.03359420786125951,optrode,0.0013161891062866762
6,7,0.02837552709738797,ACR_31,0.014053966488918225,optrode,0.014328254607968726
6,8,0.0254770746867376,ACR_31,0.02210059871451229,optrode,0.0033783910501964665
6,9,0.022937409696120473,ACR_31,0.03302341990571937,optrode,-0.01009399867625332
6,10,0.04283436486844281,ACR_31,0.041729109352309876,optrode,0.0011072350839656867
6,11,0.0351194996337749,ACR_31,0.05212513311745634,optrode,-0.01703846985322753
6,12,0.09960812286465219,ACR_31,0.09861520339937971,optrode,0.001002769881579546
6,13,0.07325009328957818,ACR_31,0.07163019413918884,optrode,0.0016284448998027667
6,14,0.09031057155849377,ACR_31,0.09141438274327623,optrode,-0.0011130002199642303
6,15,0.10640836900074942,ACR_31,0.0848613499165898,optrode,0.02174678825023034
6,16,0.08698610952029018,ACR_31,0.09163162272646214,optrode,-0.00468287283696793
7,8,0.057164726329393706,ACR_31,0.044938754470366896,optrode,0.01225807412143827
7,9,0.038571597453138984,ACR_31,0.02912313680288634,optrode,0.009459368417187194
7,10,0.025240962035359492,ACR_31,0.009601707100346787,optrode,0.015644322290187734
7,13,0.02402763836692976,ACR_31,0.016815914191315832,optrode,0.0072147644071723326
7,14,0.06267350163667768,ACR_31,0.0487333865849718,optrode,0.013983734085875658
7,15,0.08606687589939106,ACR_31,0.07916781439681564,optrode,0.0069465040495612085
8,10,-0.005130899808681236,ACR_31,-0.01351074329947269,optrode,0.008380620639071612
8,11,0.023523930978436226,ACR_31,0.0483124542490911,optrode,-0.024821823961660962
8,13,-0.014595092009750957,ACR_31,-0.016731074488273257,optrode,0.0021365074456463073
8,14,-0.02144137428674133,ACR_31,-0.02352641657987549,optrode,0.0020860976260798324
8,15,0.01596853121259942,ACR_31,0.01684492620806668,optrode,-0.0008766310238308775
9,10,0.02829137833166761,ACR_31,0.02771215123030027,optrode,0.0005796816453257046
9,11,0.024537699547067207,ACR_31,-0.0009277660827691006,optrode,0.025470392381547205
9,13,0.001065065913544211,ACR_31,-0.013811750122891132,optrode,0.014877694803298083
9,14,0.02176224180323394,ACR_31,0.06566844565429994,optrode,-0.04399740736247565
9,15,0.019587706191384835,ACR_31,0.047027294878988116,optrode,-0.027471797056460214
10,11,0.007155242417361492,ACR_31,-0.0071872920431067175,optrode,0.014342780336597274
10,12,0.036835603849466866,ACR_31,0.0389265925520882,optrode,-0.002093994304883759
10,13,0.0068398355735118516,ACR_31,-0.003982176092280961,optrode,0.010822139381882319
10,15,0.025379056174288747,ACR_31,0.022243558865371497,optrode,0.00313727865418122
10,16,0.029518497085488135,ACR_31,0.030503594695803937,optrode,-0.0009859857310818322
11,13,-0.002896014763082419,ACR_31,0.006932594542239323,optrode,-0.009828728466930389
11,14,0.007671022822668204,ACR_31,0.009182181740750528,optrode,-0.0015112665172059003
11,16,0.0370993227344059,ACR_31,0.03534058416539057,optrode,0.0017610493195704957
13,14,-0.014036789390280469,ACR_31,-0.019009600055220927,optrode,0.004974178956892341
13,15,0.011694381367120723,ACR_31,0.016927344494527975,optrode,-0.005234047018273971
13,16,0.057107891500697644,ACR_31,0.06124160364600733,optrode,-0.004148243836439185
14,15,0.08271299438211058,ACR_31,0.06622480569092629,optrode,0.01658052193534791
0,3,0.018108496335828412,ACR_33,-0.0020816525544534318,optrode,0.020192131651739487
0,6,0.019592662976329424,ACR_33,0.005598482732396171,optrode,0.01399662935711821
0,7,0.017090656296436055,ACR_33,0.010792769253031628,optrode,0.0062991322509288895
0,8,0.06241762737492406,ACR_33,0.031085520670114233,optrode,0.03140333702424021
0,9,0.032317366572255354,ACR_33,0.011792594980368283,optrode,0.020535482838746594
0,11,0.027489738068603598,ACR_33,0.005796958215829727,optrode,0.021699642591738323
0,12,0.010263986026895346,ACR_33,0.0015294152209743145,optrode,0.008734930071167947
0,13,0.01849813254127254,ACR_33,0.009874908026470229,optrode,0.008625013851937867
0,15,0.02676911800787314,ACR_33,0.00879043950191211,optrode,0.017984848950460958
0,20,0.010132763292195385,ACR_33,0.0010229981248907234,optrode,0.009110111618508438
1,2,0.05747631123453731,ACR_33,0.027595684171111586,optrode,0.029937036206984402
1,5,0.036499719254457434,ACR_33,0.020956180560074256,optrode,0.015556691806061212
1,7,0.009835827214353936,ACR_33,0.004111309437420331,optrode,0.005724811814914889
1,11,0.020937207846674823,ACR_33,0.003608896013747716,optrode,0.01733135636153818
1,12,0.006952116209562982,ACR_33,0.005364947228012369,optrode,0.0015872295144690228
1,13,0.015071628217167907,ACR_33,0.007495523062690388,optrode,0.007577106125414416
1,16,0.010184738231396775,ACR_33,-0.00915615579254915,optrode,0.019341502078626102
1,18,0.006675985033477612,ACR_33,-0.004927313108442341,optrode,0.011603437201097296
1,20,0.022463103382582006,ACR_33,0.0034666797880398273,optrode,0.019000189078063758
2,4,0.007144349653777804,ACR_33,0.007145299953383813,optrode,-9.503481198753702e-07
2,5,0.04973644127992438,ACR_33,0.017478889586078968,optrode,0.032296843581140156
2,6,0.013290034527090669,ACR_33,0.0037730026285020916,optrode,0.009517796528639964
2,7,0.0845729028618232,ACR_33,0.0701409638846962,optrode,0.01451908061301746
2,8,0.0626301395932595,ACR_33,0.03788749520457491,optrode,0.024806582964519916
2,9,0.03501904095644805,ACR_33,0.016886828763178725,optrode,0.018144932287886453
2,10,0.027286662523190744,ACR_33,0.031254814181325474,optrode,-0.0039715596248995795
2,12,0.01383986966199191,ACR_33,0.007690748336511218,optrode,0.006149853430607145
2,15,0.004118636665639497,ACR_33,-0.000259686809776288,optrode,0.004378346769865543
2,16,0.03669706749907724,ACR_33,0.037253470120276494,optrode,-0.0005571643743503066
2,17,-0.009781003654710543,ACR_33,-0.0035157628033563055,optrode,-0.006265538293311782
2,19,0.023592786008248556,ACR_33,0.01219520099397816,optrode,0.011401359256153078
2,20,0.05568647361520839,ACR_33,0.008371636040084224,optrode,0.047372310271000834
3,4,0.009210603790337401,ACR_33,0.005599894183596346,optrode,0.0036109115447562476
3,6,0.009608246978376995,ACR_33,0.0025614383225144827,optrode,0.007047098743076975
3,8,0.022163658258152724,ACR_33,0.00867093190908945,optrode,0.013496139235735059
3,9,0.013567226467416298,ACR_33,0.005919604799320941,optrode,0.007648385052346534
3,11,0.02053926240319087,ACR_33,0.01213996526946739,optrode,0.008401589661246909
3,12,0.0022409312828818727,ACR_33,0.005253923567401756,optrode,-0.0030130368767590106
3,13,0.0022073880892867393,ACR_33,-0.0013064985400805724,optrode,0.0035138909579613166
3,14,0.008691167682988575,ACR_33,-3.627681266195511e-05,optrode,0.008727663338745282
3,16,0.02571106538238535,ACR_33,0.017722728699800655,optrode,0.007992148549585562
3,17,0.0008934129487383959,ACR_33,0.0011982672832925806,optrode,-0.0003048546703596105
3,19,-0.0021152798290219816,ACR_33,-0.004367372814893158,optrode,0.002252117598981697
4,5,0.007983227234091238,ACR_33,0.008229371372581158,optrode,-0.0002461603154414963
4,6,0.00943236291571554,ACR_33,0.004505149276753289,optrode,0.004927462904909337
4,7,0.027069280754697608,ACR_33,0.01269162765988042,optrode,0.014383586127789727
4,8,0.04759822454413045,ACR_33,0.053772100476202206,optrode,-0.006189797296658334
4,9,0.02764000377417453,ACR_33,0.01734428507580179,optrode,0.010301021128329438
4,12,0.010986968826969751,ACR_33,0.010020266110849285,optrode,0.0009668094556457302
4,14,0.031084083457292598,ACR_33,0.01645902651141326,optrode,0.014633587621431705
4,15,0.02382293115164221,ACR_33,0.017347913471182152,optrode,0.006477785374941602
4,16,0.08196081045365973,ACR_33,0.07502374223960365,optrode,0.00698010156730583
4,17,0.007123181653730458,ACR_33,0.0035888541121308648,optrode,0.0035344326132257897
4,19,0.023256765882264406,ACR_33,0.01082937560877346,optrode,0.012431161283093125
5,6,-0.00028597916241891155,ACR_33,0.02049547353157398,optrode,-0.020784323231813326
5,7,0.019832540126367794,ACR_33,0.014852997300639468,optrode,0.004981051289479331
5,8,0.0397939700908556,ACR_33,0.03367356216390688,optrode,0.006128697039150345
5,9,0.019299361315018533,ACR_33,0.021812764960861264,optrode,-0.002514467464362055
5,10,-0.00407101183843641,ACR_33,0.007275359769562097,optrode,-0.011346522465794373
5,12,0.015470398430258062,ACR_33,0.018379647133680125,optrode,-0.0029100843705706213
5,13,-0.0018727735434728244,ACR_33,0.009467878580854107,optrode,-0.0113409372314953
5,14,-0.00974288004298541,ACR_33,0.011339664885622063,optrode,-0.021083339308723026
5,15,0.016298334937108767,ACR_33,0.023055712110537613,optrode,-0.006760020316636358
5,16,0.012751064889030411,ACR_33,0.021616576036212906,optrode,-0.00886818793195913
5,17,-0.010820272772280287,ACR_33,-0.014943710299641038,optrode,0.004124127755993629
5,20,0.03883881815460856,ACR_33,0.017652234964217837,optrode,0.02120429590879843
6,7,0.021561517898249196,ACR_33,0.009659278204718923,optrode,0.0119052815099208
6,9,0.03002380649603576,ACR_33,0.01518147863224183,optrode,0.014850187699089221
6,10,0.01607045970520405,ACR_33,0.007782338170410394,optrode,0.008289348082179394
6,11,0.009040073463635827,ACR_33,-0.0026058294310509038,optrode,0.01164615506537353
6,12,0.006307519500625968,ACR_33,0.005340814899256608,optrode,0.0009667374692935039
6,13,0.005007317176195279,ACR_33,0.011473162664938868,optrode,-0.0064663070953858825
6,14,0.025611474950343154,ACR_33,0.010051406564765834,optrode,0.015565331998512465
6,15,0.02045207379794201,ACR_33,0.025903387923273045,optrode,-0.005454257727898142
6,18,0.023282571829375067,ACR_33,0.003189154860299713,optrode,0.020097614517024333
6,19,0.01472016999538213,ACR_33,0.02415966047833093,optrode,-0.009443129363662461
6,20,0.008714254367401158,ACR_33,0.013720723429270693,optrode,-0.005007109580539338
7,9,0.01430429246306562,ACR_33,0.0035498395501266937,optrode,0.010755413735377107
7,11,0.043155039977763904,ACR_33,0.03299044386226243,optrode,0.010179439709846402
7,12,0.009709748386778697,ACR_33,0.0012387391251490638,optrode,0.00847131378776794
7,18,0.020088281272800105,ACR_33,0.016341676456749055,optrode,0.0037478526889507917
7,19,0.02075101388802674,ACR_33,0.014726822261838603,optrode,0.006026106103645774
8,9,0.02486542950067424,ACR_33,0.0027176332680911783,optrode,0.02215291612281624
8,13,0.052991579365998326,ACR_33,0.04694715160578414,optrode,0.006059576778339848
8,14,0.04849719445352112,ACR_33,0.03828935924334412,optrode,0.010227182230453769
8,15,0.06745666873039502,ACR_33,0.04497863753490045,optrode,0.02255026115108818
8,17,0.03291663846297749,ACR_33,0.038725458633888626,optrode,-0.005816299780287332
8,19,0.05136775057699156,ACR_33,0.037870368002003114,optrode,0.013524514961817377
8,20,0.04205026183716705,ACR_33,0.022842510379576686,optrode,0.019228588385809913
9,10,0.02979131083063206,ACR_33,0.020876830011580045,optrode,0.008920265205187353
9,11,0.027835141823573446,ACR_33,0.009687820159694617,optrode,0.01815421075483902
9,12,0.024347252162253943,ACR_33,0.014332351196910814,optrode,0.010018732115294412
9,13,0.02321217126576959,ACR_33,0.019811157619643464,optrode,0.003402591487006088
9,14,0.05083812769210544,ACR_33,0.02068235130924452,optrode,0.03019669194814896
9,15,0.051922998427177465,ACR_33,0.03497140853115723,optrode,0.01698405980898305
9,16,0.05720908966784091,ACR_33,0.056413038324671386,optrode,0.000798628958451307
9,17,0.017655276457395352,ACR_33,0.02027321089933482,optrode,-0.002618877799676192
9,19,0.022885383525288662,ACR_33,0.02062182934961435,optrode,0.0022646268097649587
10,12,0.09509092844839599,ACR_33,0.07311194584915294,optrode,0.02213647156446319
12,14,0.014240058985204862,ACR_33,0.002302844782669584,optrode,0.011938172778549336
12,15,0.004703177911817926,ACR_33,-0.006267965286317704,optrode,0.01097125996244153
12,16,0.07278444472107494,ACR_33,0.05422890402358797,optrode,0.01863122549550706
12,17,0.008605385263747073,ACR_33,0.004587215821886523,optrode,0.00401834969253185
12,20,0.003341525596658494,ACR_33,0.015596301768236436,optrode,-0.01225602849137054
13,14,0.02332250834698977,ACR_33,0.01258531201535621,optrode,0.010740761863281224
13,15,0.036839372073081876,ACR_33,0.03315429722446311,optrode,0.003689597984476295
13,18,0.00966710617507998,ACR_33,0.01844125183462277,optrode,-0.008775935428374173
13,20,-0.003578684250998506,ACR_33,0.01433990541161664,optrode,-0.01791958798012036
14,15,0.04592082608356965,ACR_33,0.02855767857871372,optrode,0.017387699374996936
14,16,0.1085625278759623,ACR_33,0.09847592294084227,optrode,0.010195957350108656
14,19,0.022187534042798177,ACR_33,0.02838766450111877,optrode,-0.006204117685637802
14,20,-0.0045418259546706405,ACR_33,0.014208733530176718,optrode,-0.01875154702239481
15,17,0.003745034744093003,ACR_33,-0.0020422212870504644,optrode,0.005787276378833587
15,19,0.03847725572502744,ACR_33,0.03473667464407689,optrode,0.003745604844063964
15,20,0.0016795513226097736,ACR_33,0.009030236261833927,optrode,-0.007350928829328212
16,17,0.045035895100036874,ACR_33,0.04285133588003155,optrode,0.002188786734878878
16,19,0.08709967262604774,ACR_33,0.09261029071724247,optrode,-0.005555487153773131
17,19,-0.005080496026223849,ACR_33,-0.0022400022647575644,optrode,-0.0028405337272851784
18,20,0.034824990307812796,ACR_33,0.01413860803231647,optrode,0.02069952866203273
0,2,0.025561468129461827,ACR_34,0.01097578002723422,optrode,0.014590816702488648
0,3,0.035630182760920726,ACR_34,0.04279423764558431,optrode,-0.0071751182048994805
0,4,0.043283588868289986,ACR_34,0.043260557269445894,optrode,2.3074805779947638e-05
0,5,0.03912500091256588,ACR_34,0.0331267391813216,optrode,0.006006118289101824
0,9,0.023517036934546293,ACR_34,0.020161233622738473,optrode,0.0033574077769405325
0,10,0.023880006667464728,ACR_34,0.03276181883048829,optrode,-0.008889000423210596
0,11,0.025970633797393936,ACR_34,0.024048712011554674,optrode,0.0019231252628683186
0,12,0.04765607706286437,ACR_34,0.05082566443323709,optrode,-0.0031772939243725276
0,13,0.03963680610126447,ACR_34,0.04363212176432473,optrode,-0.004002258653460218
0,14,0.0515831565928581,ACR_34,0.05410539463050207,optrode,-0.002529302514996924
0,15,0.029686726889435834,ACR_34,0.035705106693552396,optrode,-0.006024838758480814
0,17,0.03638187664913,ACR_34,0.0499150018645098,optrode,-0.013558576887770131
0,18,0.029483199238179252,ACR_34,0.030302648133822295,optrode,-0.0008201818454446376
0,19,0.019214899083672587,ACR_34,0.01946241429400616,optrode,-0.0002476078128713609
0,20,0.021672236684315227,ACR_34,0.011449125214799901,optrode,0.010226005174408198
1,3,0.005634615346539227,ACR_34,-0.003537785896219803,optrode,0.009172475634492715
1,8,0.003750375835989654,ACR_34,0.008733025852813702,optrode,-0.004982854453652508
1,9,0.011339896673343893,ACR_34,0.013646784370355968,optrode,-0.002307248844471919
1,10,0.00630735525089662,ACR_34,0.011973262663818204,optrode,-0.005666395977269491
1,11,0.008325855335398386,ACR_34,-0.004940154040121382,optrode,0.013266241954859146
1,13,0.016126582780777846,ACR_34,0.01277416399323939,optrode,0.0033531221070244935
1,15,-0.00043654286513000566,ACR_34,0.0025195745331427237,optrode,-0.002956122757658222
1,16,0.0027657840581889644,ACR_34,0.01946627742974504,optrode,-0.01670294570252766
1,19,0.004911621287773442,ACR_34,-0.002482205248173698,optrode,0.0073938711304663085
1,20,0.011135981906479797,ACR_34,0.009787420948607684,optrode,0.0013487087747549604
2,3,0.0006797027183479531,ACR_34,0.006754060702011178,optrode,-0.006074460582553045
2,4,0.018169199116640285,ACR_34,0.004018092842664675,optrode,0.014153084383180425
2,5,0.020947843341937028,ACR_34,0.010502454014437248,optrode,0.010448068019297046
2,10,0.005300564845788905,ACR_34,0.005995285870162181,optrode,-0.000694743213975316
2,11,-0.005369367834966881,ACR_34,-0.00291693024295428,optrode,-0.0024524809198035657
2,13,0.018228567109887298,ACR_34,0.0074214121457112404,optrode,0.010809038111798435
2,15,-0.003252655249701493,ACR_34,0.004486156662728263,optrode,-0.007738853479177226
2,16,0.020154583098383597,ACR_34,0.014416757960998375,optrode,0.005739555850201104
2,17,0.013548053348458171,ACR_34,0.011199889331189452,optrode,0.002348524691802351
2,19,0.0007409942210101356,ACR_34,0.01062333999438679,optrode,-0.00988274529841318
3,4,0.02283324753714747,ACR_34,0.011337755046957344,optrode,0.01149897598433787
3,5,0.013179266661594137,ACR_34,0.007580514716466676,optrode,0.005599369866000567
3,6,0.04940835591835216,ACR_34,0.05164582140125179,optrode,-0.0022431932708737445
3,8,0.016140091437353517,ACR_34,0.02403586248621216,optrode,-0.007898999610887306
3,9,0.036139643533993925,ACR_34,0.030560814502845292,optrode,0.005585055490853794
3,10,0.020068004463312143,ACR_34,0.0176650423664592,optrode,0.002403818884193068
3,11,0.017329062855515685,ACR_34,0.013815781419906277,optrode,0.003514137233188365
3,12,0.06333562887853597,ACR_34,0.06808399905717762,optrode,-0.0047689706590625935
3,13,0.026752250689809763,ACR_34,0.028242176384502077,optrode,-0.0014910533519539165
3,15,0.011514816381187929,ACR_34,0.021034224756945483,optrode,-0.00952200235642892
3,17,0.01783410933831961,ACR_34,0.02162478506908891,optrode,-0.0037921563797008694
3,18,0.027513208941974534,ACR_34,0.01872693248883662,optrode,0.008791032266977503
3,19,0.02490380992290673,ACR_34,0.019938699541268118,optrode,0.004967617891886069
3,20,0.023186438393241398,ACR_34,0.014096209979496073,optrode,0.009093451083718512
4,5,0.011275776754195197,ACR_34,0.004615364620893833,optrode,0.006660857277031531
4,6,0.07198408931961076,ACR_34,0.0604715634008602,optrode,0.011563374291218537
4,8,0.017068065583273298,ACR_34,0.017571733912590863,optrode,-0.0005038194752068799
4,10,0.017939295600649822,ACR_34,0.02323537837448015,optrode,-0.005298340819594374
4,11,0.003275400483560069,ACR_34,0.005900823939275681,optrode,-0.002625480232319843
4,12,0.04724954775661558,ACR_34,0.047653000781463256,optrode,-0.00040436350472356636
4,13,0.0293927949285335,ACR_34,0.027504945753163892,optrode,0.0018893788848798714
4,15,0.011387836483245588,ACR_34,0.01499530129117815,optrode,-0.0036080965954936005
4,17,0.028098754676556262,ACR_34,0.031622606283923556,optrode,-0.003527000155919526
4,18,0.03238486434538587,ACR_34,0.0321712163575422,optrode,0.0002138708146502341
4,19,0.008794158414830472,ACR_34,0.007846213614888083,optrode,0.0009480104974484427
4,20,0.02848036777324238,ACR_34,0.014498838201359976,optrode,0.013988217669154477
5,6,0.033138055140227045,ACR_34,0.030396005922236,optrode,0.002744820864896965
5,8,0.0033014602934891557,ACR_34,0.0013295682140201334,optrode,0.0019719032910074756
5,9,0.031138876184798527,ACR_34,0.009867156660777357,optrode,0.02128146953204408
5,10,0.007276281987659087,ACR_34,0.009331160939780574,optrode,-0.0020550213728389487
5,11,0.014852794945381456,ACR_34,0.006121390943430157,optrode,0.008732419888577163
5,12,0.036666755281198865,ACR_34,0.024609671993771134,optrode,0.012068558799932884
5,13,0.01805149185197203,ACR_34,0.01163442931248249,optrode,0.006418498666182762
5,15,0.0022902436484035964,ACR_34,0.0004175530282823107,optrode,0.001872694600141207
5,16,0.007325836785123699,ACR_34,0.0037143993333151933,optrode,0.0036115514277133315
5,17,0.01690866612777325,ACR_34,0.011097142683319065,optrode,0.005812679574969407
5,18,0.013071635732032983,ACR_34,0.006304375935029187,optrode,0.0067679208551534135
5,20,0.010807394921705828,ACR_34,0.0016045366555170436,optrode,0.00920327768583069
6,11,0.01632196096536489,ACR_34,0.015738631351649962,optrode,0.0005834795672519863
6,12,0.08011832664637024,ACR_34,0.0894189585730779,optrode,-0.009368017387189523
6,13,0.05268158359064313,ACR_34,0.05124298999074736,optrode,0.0014424886851302637
6,15,0.03186887740761832,ACR_34,0.04156499112009318,optrode,-0.009709279594337573
6,16,0.026870973819876555,ACR_34,0.025815514184209944,optrode,0.001056192696342044
6,17,0.06631240677225612,ACR_34,0.07291607104030795,optrode,-0.006635847111850279
6,18,0.03536894628492663,ACR_34,0.040089020210444096,optrode,-0.004726811254541496
6,19,0.01598474021174509,ACR_34,0.010000594069632442,optrode,0.005985174368668725
7,8,-0.003093030896638567,ACR_34,-0.0049787459840872255,optrode,0.0018857463620649156
7,9,0.008146302605120092,ACR_34,0.011202307190545649,optrode,-0.0030562930100304364
7,11,-0.010793409072140573,ACR_34,-0.00989827840325262,optrode,-0.0008952265505903848
7,12,0.06228478466696947,ACR_34,0.04625913982666352,optrode,0.01607333605085149
7,14,-0.011513124863466508,ACR_34,-0.006402604767130792,optrode,-0.00511094134265512
7,16,0.0033728914308712487,ACR_34,0.011812491465224693,optrode,-0.0084401367083052
7,17,0.005455856190674098,ACR_34,0.007008604705788195,optrode,-0.001552809139339759
8,9,0.01765629208163895,ACR_34,0.01430981246960813,optrode,0.0033473378432054106
8,10,0.005318084614038383,ACR_34,0.008055768760101289,optrode,-0.002737808277405219
8,12,0.031772466609451974,ACR_34,0.03346881772124283,optrode,-0.0016981585419403589
8,13,0.01665291113840657,ACR_34,0.017294841388609566,optrode,-0.0006421152736993604
8,15,0.0012157361455932244,ACR_34,0.009094627022840035,optrode,-0.007879141036392106
8,16,0.0065777207223422195,ACR_34,0.0018275629470532705,optrode,0.004750250607856202
8,17,0.0070693945671657515,ACR_34,0.011587993655115675,optrode,-0.004519000043489076
8,18,0.02155002216191112,ACR_34,0.010129682724565435,optrode,0.011423329843604309
8,19,0.015543535750534021,ACR_34,0.006573580543026113,optrode,0.008971112481310769
8,20,0.02598938322614578,ACR_34,0.009632493991623255,optrode,0.01636244516637219
9,10,0.017075728645259542,ACR_34,0.01327931992557404,optrode,0.0037972880174640088
9,11,0.007297532260987246,ACR_34,0.0005470651303304567,optrode,0.006750596621092784
9,12,0.03487696922015507,ACR_34,0.03587121139095492,optrode,-0.000995487933413114
9,13,0.03023293844958433,ACR_34,0.022039024092869525,optrode,0.008199561393496778
9,15,0.015110870819720922,ACR_34,0.010559358872951806,optrode,0.004552269752500657
9,16,0.025640160651849448,ACR_34,0.015515240063423133,optrode,0.010129296435585713
9,17,0.01121317722617067,ACR_34,0.022090932284005018,optrode,-0.010880879637438341
9,18,0.03240938786204441,ACR_34,0.010908650120272513,optrode,0.021511659428517953
9,19,0.004099149503181219,ACR_34,-0.0040386586594573365,optrode,0.008137853080326815
10,11,0.0024048140711078704,ACR_34,-0.0013646665289277424,optrode,0.003769486082983548
10,12,0.03170690797054939,ACR_34,0.02758634039311669,optrode,0.004124198283341915
10,13,0.023172985577062342,ACR_34,0.027050053119485967,optrode,-0.0038795187938900424
10,15,0.004671739010713546,ACR_34,0.012332816222143923,optrode,-0.007661668547949007
10,17,0.01598414736800391,ACR_34,0.017826184954047405,optrode,-0.001842564684330649
10,19,0.0038551817912060235,ACR_34,-0.004430866160858714,optrode,0.008286096048132791
10,20,0.012685320819455913,ACR_34,0.004899769992805883,optrode,0.007786192110441208
11,12,0.006936132726846497,ACR_34,0.003783309684249961,optrode,0.0031529162272402513
11,13,0.0014408394315944817,ACR_34,0.002289234049701874,optrode,-0.0008483976200300209
11,14,0.013003386371274735,ACR_34,0.006977121539451112,optrode,0.0060268845927114595
11,15,0.003519443609590941,ACR_34,0.009728268405563713,optrode,-0.006209117173982273
11,16,-0.004659048997432913,ACR_34,-0.0024899983587850713,optrode,-0.0021690792039128896
11,18,0.0045592659626215466,ACR_34,-0.0014207483308901973,optrode,0.005980046840857156
11,19,0.0009707697145487637,ACR_34,0.002035496072830399,optrode,-0.0010647288645251273
11,20,0.016556622083550743,ACR_34,0.007743116985517082,optrode,0.00881486343624567
12,13,0.044866584829790994,ACR_34,0.0482779935684658,optrode,-0.003418827445044653
12,14,0.04204840843647607,ACR_34,0.04166068727350562,optrode,0.0003884015709758812
12,15,0.013693723548165337,ACR_34,0.023044810458939302,optrode,-0.009354311592243038
12,16,0.005661645924471874,ACR_34,0.004941359088108659,optrode,0.0007203071124092155
12,17,0.028129373973261106,ACR_34,0.03449433338012311,optrode,-0.006371227557526924
12,18,0.0250210608580903,ACR_34,0.018870648373309706,optrode,0.006153395521193632
12,19,0.020367050254783844,ACR_34,0.018403196170065503,optrode,0.001964592977722307
12,20,0.014797409003106256,ACR_34,0.01192540688015975,optrode,0.0028725169212959357
13,15,0.009742886046969,ACR_34,0.015059014479505277,optrode,-0.0053169586231075466
13,16,0.014429334145035515,ACR_34,0.005853370494171492,optrode,0.008576898348449165
13,17,0.04494187991111977,ACR_34,0.04389244395840116,optrode,0.0010515105586308693
13,18,0.028188030255278794,ACR_34,0.029288056069982166,optrode,-0.0011009351610501462
13,19,0.0174182693869767,ACR_34,0.012439928666034362,optrode,0.004979460826583907
13,20,0.014667127964906816,ACR_34,0.008355756194745715,optrode,0.006312229188773286
14,15,0.012250799165003684,ACR_34,0.021031393756390546,optrode,-0.008783083349609016
14,16,-0.007021934306296008,ACR_34,-0.01252435443462601,optrode,0.005502959629534928
14,19,0.04853261492749789,ACR_34,0.02803797986214744,optrode,0.02052544320205038
14,20,0.02267154777896755,ACR_34,0.016223440371833372,optrode,0.006450569428994461
15,16,0.00866351978274761,ACR_34,0.008839846056271264,optrode,-0.00017633978018899432
15,17,0.008237446047671675,ACR_34,0.011079336314404657,optrode,-0.0028421573095812787
15,18,0.008581324023966826,ACR_34,0.004540990349850907,optrode,0.004040513110787492
15,19,0.001473899919299325,ACR_34,0.018608591987644973,optrode,-0.017136839373291173
15,20,0.025185465931641345,ACR_34,0.020610447256700522,optrode,0.004577426695764768
16,17,0.007272958155256422,ACR_34,0.0031930086725983787,optrode,0.004080066872035005
16,19,0.004221388285009425,ACR_34,0.0010950463797832974,optrode,0.00312636654300812
16,20,0.0052210631367852894,ACR_34,-0.004292588912814874,optrode,0.009513725857396654
17,18,0.031487384847016915,ACR_34,0.035259771354539074,optrode,-0.003776597364162859
17,19,9.331833887293861e-06,ACR_34,-0.02046141401984393,optrode,0.020473602094336286
17,20,0.018050287370772494,ACR_34,0.018852407024667867,optrode,-0.0008023928734051181
18,19,0.01286524595532429,ACR_34,-0.0034962861752966395,optrode,0.016362256242589794
18,20,0.052252507232771986,ACR_34,0.03050347024064671,optrode,0.02178720442774498
19,20,0.022218373208047294,ACR_34,0.013799019617281288,optrode,0.008422134815218139
0,1,0.0388649243675718,ACR_17,0.009341130160616978,contra,0.029543108515003427
0,2,0.03853416327773321,ACR_17,0.024272519867252713,contra,0.01427596486659058
0,3,0.03427390617301149,ACR_17,0.02373106398534518,contra,0.010551815853135256
0,4,0.04482238594708542,ACR_17,0.05361496169965703,contra,-0.008813984770993238
0,6,0.05438738362255722,ACR_17,0.03660884644252621,contra,0.01781589064087158
0,7,-0.0025859853732227017,ACR_17,-0.0024429305737630864,contra,-0.00014305570417311956
1,2,0.029131623480243514,ACR_17,-0.00027153163610283554,contra,0.029411400186929594
1,3,0.04402445121715687,ACR_17,0.025311507458056347,contra,0.018736011370162283
1,4,0.0672644960097432,ACR_17,0.03670562316285386,contra,0.030644097618600458
1,6,0.03204276101077495,ACR_17,0.005717056216263727,contra,0.026336615779756413
1,7,-0.003783666668503591,ACR_17,0.0008530683240011833,contra,-0.004636753255418832
2,3,0.004855707037505468,ACR_17,0.013020391247798503,contra,-0.008165381907024033
2,4,0.0280161463964158,ACR_17,0.03602195309603296,contra,-0.008014065856234643
2,5,0.02431163885209533,ACR_17,0.009118595758542871,contra,0.015197581891820819
2,6,0.02208937136594378,ACR_17,0.01390030229517354,contra,0.00819176751945728
2,7,-0.0017115699542911804,ACR_17,-0.001310552873348277,contra,-0.0004010180019641341
3,4,0.028155413131426176,ACR_17,0.014416974254103605,contra,0.013744883296246659
3,5,0.030527546729149847,ACR_17,0.02225244009271518,contra,0.008280921119444014
3,6,0.030499277636613743,ACR_17,0.013755130026609545,contra,0.016752742156109078
3,7,-0.00044140394187295803,ACR_17,0.0012681220278966468,contra,-0.001709526678207431
4,6,0.06990524285412955,ACR_17,0.0331595052782093,contra,0.03684778070178182
4,7,0.0026727065985466918,ACR_17,0.004252572254882264,contra,-0.0015798849275819654
5,6,0.033943878925763456,ACR_17,0.0164880222892057,contra,0.017467407860523098
5,7,0.002148622143639419,ACR_17,0.005417650164365483,contra,-0.0032690777195866325
0,3,0.016229075458497572,ACR_18,0.012137821301303706,contra,0.00409208307489416
0,4,0.013641172950091977,ACR_18,0.006599107245081719,contra,0.007042816127632077
0,9,0.008089700416678225,ACR_18,-0.0032783229231965194,contra,0.011368211563467276
0,10,0.006160483791782047,ACR_18,0.00021286198323929636,contra,0.0059476997404270164
1,4,0.014669833800270392,ACR_18,0.012736797937462362,contra,0.001933399520729252
1,5,0.004960610621551901,ACR_18,0.00915566546140538,contra,-0.0041952699906964335
1,8,0.02011991854034552,ACR_18,0.007159920276808276,contra,0.012962591491838062
1,10,0.0031846076614527527,ACR_18,0.00261223542229127,contra,0.0005723770632407609
2,6,0.005720587739841812,ACR_18,-0.008996285196487284,contra,0.014717178050880174
2,8,0.029771673556902002,ACR_18,0.0056101202135594545,contra,0.024170295232656035
3,4,0.025995777794297906,ACR_18,0.021454458767826645,contra,0.0045438845206798514
3,6,0.01907730135068396,ACR_18,0.012309871684338461,contra,0.006769122684437761
3,7,-0.012534555898697623,ACR_18,-0.01379035509517234,contra,0.0012560169668883285
3,8,0.05057508504058189,ACR_18,0.016408029968282424,contra,0.03420876963680902
3,11,-0.002396075054761377,ACR_18,-0.0017337189477922305,contra,-0.0006623589553510273
4,6,0.02892611084731425,ACR_18,0.01649589776447727,contra,0.012436788316793821
4,7,-0.017319449932762937,ACR_18,-0.022779818557880145,contra,0.005462578109431206
4,8,0.07772610954824821,ACR_18,0.028868524359930637,contra,0.04900665490219988
4,10,0.004583481000655413,ACR_18,-0.0006456565245696747,contra,0.005229169712393522
4,11,0.001553759839862126,ACR_18,0.004357734065293139,contra,-0.0028040005596300906
5,7,0.018140447536189295,ACR_18,0.0131001862394724,contra,0.005041502077881149
5,8,0.05604895682599484,ACR_18,0.03145876329577924,contra,0.024638612809244634
5,9,0.09249869721738845,ACR_18,0.06973946303407876,contra,0.02291101082640419
5,10,0.0276151739232998,ACR_18,0.02964067442935036,contra,-0.0020271625787817577
5,11,0.023213335363469555,ACR_18,0.014165796546206456,contra,0.009050762073703578
6,8,0.05997156566974768,ACR_18,0.01640735476429691,contra,0.04363479161036407
6,9,0.05661135717556397,ACR_18,0.029166815497928336,contra,0.02749686013414509
6,11,0.016775916030141547,ACR_18,0.014053001239526764,contra,0.002723563608772241
7,11,0.007115640058885568,ACR_18,0.0020199087671336595,contra,0.005095848642116662
8,9,0.17395276924791123,ACR_18,0.06902918779410672,contra,0.10660076413551788
8,10,0.05639721555035661,ACR_18,0.019934898584360983,contra,0.03651958318507449
8,11,0.07734229638247793,ACR_18,0.019506803601180372,contra,0.05798779005346972
9,11,0.0962995255329734,ACR_18,0.03594557563468649,contra,0.060637804757565764
0,1,0.02344336762703162,ACR_19,0.010529913525659323,contra,0.01291736106829662
0,3,0.0276707736038112,ACR_19,0.009960278201960758,contra,0.01771723149438781
0,4,-0.015621910947596598,ACR_19,-0.012312462697496106,contra,-0.0033100970149638666
0,5,0.017412585243732886,ACR_19,0.003251122876404209,contra,0.014163211053962253
0,6,-0.0008553935736074083,ACR_19,0.001248809844989701,contra,-0.0021042042764115977
0,7,0.016817702920577896,ACR_19,0.007758989281725253,contra,0.009060143746087056
0,10,-0.004587408991052679,ACR_19,-0.0074478343167107795,contra,0.002860530861241538
0,12,0.000450320054194632,ACR_19,-0.007303336837768924,contra,0.007753786776793915
0,13,-0.0057131345887335636,ACR_19,-0.006225769109717748,contra,0.0005126528002647023
0,15,-0.001943885830263694,ACR_19,-0.0062123110229815,contra,0.004268502662956837
0,16,0.013891252963425124,ACR_19,0.015471642309879966,contra,-0.0015807303941274935
1,2,0.0023233054508811322,ACR_19,-0.0011718029345411766,contra,0.003495113101985084
1,3,0.02238390279297508,ACR_19,0.02010170331221668,contra,0.0022832307967056674
1,4,-0.006726632301733455,ACR_19,0.003522476014478244,contra,-0.01024922434246015
1,6,0.04224330702031816,ACR_19,0.019323565711990218,contra,0.022942490251509476
1,7,0.04014510850380769,ACR_19,0.015372437508875205,contra,0.024793047155345367
1,8,0.027906293788138404,ACR_19,0.01906044891074138,contra,0.008850783649225102
1,10,0.015096781916923072,ACR_19,0.01559415904904412,contra,-0.0004974942940665795
1,11,0.005365530812874848,ACR_19,-0.0019003319775841025,contra,0.007265916568166025
1,12,0.002787722606773263,ACR_19,0.0005857404796160981,contra,0.0022019892817032273
1,13,-0.01286068242136416,ACR_19,-0.00928518212713303,contra,-0.0035759425514393876
2,4,0.030824154232336566,ACR_19,0.029348664045487333,contra,0.001476827268000462
2,5,0.02409721466423023,ACR_19,0.020950307765617723,contra,0.0031485068021026956
2,6,0.019625095227523443,ACR_19,0.021900417294896123,contra,-0.002276304347822153
2,7,0.02807689455871771,ACR_19,0.012374174673936417,contra,0.015709469523995177
2,9,0.035831051756150034,ACR_19,0.036120353308233266,contra,-0.0002896764682227826
2,10,0.002273208127168925,ACR_19,-0.0027306651977462588,contra,0.005003884027637748
2,11,0.005878808630097113,ACR_19,0.005426961108439298,contra,0.00045186196864442293
2,13,0.015082840241410225,ACR_19,0.015578639280379232,contra,-0.0004959156049662381
2,15,0.004799420345952959,ACR_19,0.006584709315308792,contra,-0.0017853472881556995
3,7,0.04893300840842155,ACR_19,0.016752838004668535,contra,0.03221771478183269
3,8,0.03974541682501921,ACR_19,0.028983545273673673,contra,0.010774700068369877
3,10,0.0040521122852395786,ACR_19,-0.007879166438245613,contra,0.011931463957353805
4,5,0.00829767642981467,ACR_19,0.00558788540631492,contra,0.002709923306344006
4,6,0.029577863594800476,ACR_19,0.016849462326890295,contra,0.012735436379370843
4,7,0.033308666297093184,ACR_19,0.01694334930893474,contra,0.016376021857735325
4,8,0.014219757546148399,ACR_19,0.013953691302531695,contra,0.00026611905273631574
4,9,0.06466011395869616,ACR_19,0.052539661834117624,contra,0.012162367996836697
4,11,0.0039785057405310855,ACR_19,0.004288998351177662,contra,-0.00031049791890047033
4,12,0.024770416943600902,ACR_19,0.027427259976316645,contra,-0.0026586555424385518
4,13,0.0482479694195614,ACR_19,0.03934798708082424,contra,0.00891714708434864
4,14,0.02633464312115853,ACR_19,0.011917843872063717,contra,0.014422325294662638
4,15,0.01731828119596809,ACR_19,0.01934578751691324,contra,-0.0020281886167984285
4,16,0.025889739497247898,ACR_19,0.02399110718002618,contra,0.001899814620998433
5,6,0.013049667367482951,ACR_19,-0.0012785546352604004,contra,0.014328963534354821
5,7,0.016806389305467177,ACR_19,0.0016887716844518584,contra,0.01511919863180449
5,8,0.016703988228663553,ACR_19,0.015650764201129937,contra,0.0010534998338302196
5,10,-0.004182790419403747,ACR_19,-0.0077476936296972405,contra,0.003565033844928951
5,11,0.01985925561114398,ACR_19,0.010317083561322257,contra,0.009544417350836654
5,13,0.026533752503175842,ACR_19,0.022967995383833775,contra,0.0035679466537144808
5,15,0.013330075678924226,ACR_19,0.006280612339380458,contra,0.007050170384367148
6,7,0.015021393810173145,ACR_19,-0.0034272436261097456,contra,0.018449780828639177
6,8,0.06121692355181106,ACR_19,0.03792537634282219,contra,0.023349991164697936
6,9,0.09299012817057623,ACR_19,0.06254783950826207,contra,0.030629962348759338
6,10,0.019127209501150048,ACR_19,0.008863731146306678,contra,0.010265579291665664
6,13,0.021635617523324206,ACR_19,0.013860147081630844,contra,0.007777959636568769
6,14,-0.004530134217020788,ACR_19,-0.006480989565821866,contra,0.0019509151022156796
6,15,0.012374540636169329,ACR_19,0.011582227225625736,contra,0.0007924271508020705
6,16,0.013921379697564814,ACR_19,0.0021754662490081184,contra,0.011746809464691966
7,8,0.030624557467221265,ACR_19,0.011996474982285094,contra,0.01863708621879024
7,9,0.07275419268598975,ACR_19,0.07808312424126307,contra,-0.005359428820403578
7,11,0.03461263804638731,ACR_19,0.009927376473724506,contra,0.02469876775473183
7,12,0.07491074858181167,ACR_19,0.015765245205067106,contra,0.05928479431785007
7,13,0.040547845703184586,ACR_19,0.029282153477725142,contra,0.011279562537045193
7,14,0.03186807889058983,ACR_19,0.002695154723766596,contra,0.029183712355105917
7,15,0.042889237772939515,ACR_19,0.01386515135660831,contra,0.029049524947950135
7,16,0.03287542962892022,ACR_19,0.01632787862696041,contra,0.0165579513084336
8,9,0.013325076520891682,ACR_19,0.017010311552649565,contra,-0.0036860872246460737
8,11,-0.006616614288160072,ACR_19,-0.008649837447289557,contra,0.002033342334782119
8,12,-0.008460213486623382,ACR_19,-0.008829796880867491,contra,0.0003696110217442112
8,13,0.03130659840547985,ACR_19,0.030596872948765223,contra,0.000710406062719441
8,14,0.0009459870674028478,ACR_19,-0.000644717351065964,contra,0.001590704789982095
8,15,0.0168854665572506,ACR_19,0.017306425784159786,contra,-0.0004210823034386836
8,16,0.02740538121630714,ACR_19,0.03470197098288438,contra,-0.007303665445408912
9,11,0.039449561041771386,ACR_19,0.02606180254563442,contra,0.013402339370869758
9,12,0.06894026080462154,ACR_19,0.06295760796729996,contra,0.006008804939523424
9,13,0.13496810191360367,ACR_19,0.12154339066745733,contra,0.013649457202505572
9,14,0.09061688806324047,ACR_19,0.07844273204258406,contra,0.012261926835397924
9,15,0.09955589546358454,ACR_19,0.09219652920064764,contra,0.0074276780906548795
9,16,0.10551210868363155,ACR_19,0.09544603112436306,contra,0.010168831895764618
10,11,0.003850489262926693,ACR_19,-0.009476999530162967,contra,0.013327791558906376
10,12,0.0027029104640855185,ACR_19,-0.004960160746302756,contra,0.007663118471857872
10,13,0.03184328422389746,ACR_19,0.014000345239337644,contra,0.01785279366988126
10,14,0.01126896283150219,ACR_19,-0.00453133537837471,contra,0.015800806273983968
10,16,0.022067283954493824,ACR_19,0.027690427118796653,contra,-0.005626640678321984
11,12,0.0032229450332285497,ACR_19,0.002534683020942761,contra,0.0006882677435235663
11,13,0.01354011917744943,ACR_19,0.004064195361719029,contra,0.009476728987980758
11,14,0.01897677828060452,ACR_19,-0.0020941871153807128,contra,0.021073246910291086
11,15,0.05137583977037494,ACR_19,0.029932931266698656,contra,0.021479237423342176
11,16,0.03448554043682204,ACR_19,0.023522092320275106,contra,0.010972788940269814
12,13,0.026870202501129252,ACR_19,0.01884114943630153,contra,0.008033292758146782
12,15,0.0157717811479045,ACR_19,0.014214133970099642,contra,0.0015579977134973898
13,14,0.039400425932675356,ACR_19,0.024125850653814965,contra,0.01529030010674368
13,15,0.03426075685291644,ACR_19,0.03128136302932936,contra,0.0029825991790315004
13,16,0.07748944684693207,ACR_19,0.06854879131311388,contra,0.00898864226249925
14,15,0.0076335379409386206,ACR_19,0.003151233794589729,contra,0.004482441991644575
14,16,0.011905291927750288,ACR_19,0.007970233493981136,contra,0.003935452175874422
15,16,0.020713833038084408,ACR_19,0.016395593028792302,contra,0.004319733917782172
0,1,0.08303400867106606,ACR_23,0.06794597449247328,contra,0.015174805916036593
0,2,0.146235424833023,ACR_23,0.15500774733322956,contra,-0.008976023208500716
0,3,0.27031405933385044,ACR_23,0.18755130578087295,contra,0.08740462158948561
0,4,0.09519943734697238,ACR_23,0.06216825081295656,contra,0.03324007855423369
0,5,0.09808892775241924,ACR_23,0.04611136572516679,contra,0.05226125285386226
0,7,0.05721584980763289,ACR_23,0.011182965218694267,contra,0.046094976255024345
0,8,0.11180529586124395,ACR_23,0.06531861849318626,contra,0.046862941265997576
0,9,0.05651243260686571,ACR_23,0.02389618211707677,contra,0.03267197641920579
0,10,0.06580829923129991,ACR_23,0.033090198721848756,contra,0.03280126206431698
0,11,0.05479014768069553,ACR_23,0.029967326557330448,contra,0.02486877057326696
0,12,0.04981161625784648,ACR_23,0.026675125909661326,contra,0.02317141956040369
1,3,0.17768767377319014,ACR_23,0.1653205930013053,contra,0.012742053388461433
1,4,0.05149797227794088,ACR_23,0.053681463902637463,contra,-0.0021895480902269296
1,5,0.02428401194285934,ACR_23,0.0228389628943379,contra,0.0014458519562681078
1,7,-0.0033225348143197247,ACR_23,-0.013414567711489994,contra,0.01009282541118513
1,8,0.03111377931701515,ACR_23,0.045055202740922104,contra,-0.013961901620334033
1,9,0.00584219159485198,ACR_23,0.010852832584045537,contra,-0.005011000647526536
1,10,0.06477311692112155,ACR_23,0.04489513679592054,contra,0.019938595598140346
1,11,0.04202913626327373,ACR_23,0.038293730258151346,contra,0.003741445112865699
1,12,0.026963728319087353,ACR_23,0.03346611712253769,contra,-0.006508353565432397
2,4,0.055087133501716457,ACR_23,0.06142668881490845,contra,-0.006361165863385081
2,6,-0.007678828636062575,ACR_23,-0.012187637708348544,contra,0.004509261639395097
2,7,0.033555669626570694,ACR_23,0.02350047795300969,contra,0.010063466903415058
2,9,0.027955408646098613,ACR_23,0.0199212847718808,contra,0.008038773788217941
2,10,0.01846166771860389,ACR_23,0.02242319431399404,contra,-0.003963187975607716
2,11,0.022628903543754714,ACR_23,0.028560146146007617,contra,-0.005935148042625165
3,4,0.12516587788366634,ACR_23,0.10016693397993982,contra,0.025321757799802974
3,5,0.107209546330684,ACR_23,0.0775164511893254,contra,0.029950880289948315
3,6,0.009646703258928233,ACR_23,0.0070601103053877096,contra,0.0025867748997836166
3,7,0.06593482735572943,ACR_23,0.018498281780751483,contra,0.04753023358510076
3,8,0.1612109629581592,ACR_23,0.1039134432597751,contra,0.05833981746481158
3,9,0.07134313480873407,ACR_23,0.028780037029590214,contra,0.042676560532208085
3,10,0.05869762898745877,ACR_23,0.040534612507679216,contra,0.01820834657206783
3,11,0.09211208556916733,ACR_23,0.07103097668189251,contra,0.021223132875311468
3,12,0.07713618669679233,ACR_23,0.0510709148190079,contra,0.026174335595577004
4,7,0.03862762263643944,ACR_23,0.022739765753811057,contra,0.015903165334389464
4,8,0.03147532276524234,ACR_23,0.0209722479963241,contra,0.01051039952073006
4,9,0.03700888088171991,ACR_23,0.014381203082976936,contra,0.02264359663356067
4,10,0.042829054609124506,ACR_23,0.04240171555001431,contra,0.0004281165557537825
4,12,0.012968061165988094,ACR_23,0.011641004215791477,contra,0.0013272580939977675
5,8,0.04120368283228806,ACR_23,0.01489196784445816,contra,0.026333955516581155
5,10,0.021424452291010844,ACR_23,0.017166586318332875,contra,0.004259458286408318
6,7,0.03280136093875504,ACR_23,0.012286747397976226,contra,0.020525766780311053
6,8,-7.043586684372938e-05,ACR_23,-0.00976757175385415,contra,0.009697446531228563
6,9,0.00011777505471828598,ACR_23,-0.008735445690680646,contra,0.00885344295094701
6,12,0.013252843066056126,ACR_23,0.0031021065125687343,contra,0.010151502584900553
7,8,0.016479864241321567,ACR_23,0.004648986209044106,contra,0.011832336681765475
7,9,0.06925579894239547,ACR_23,0.00834473108098402,contra,0.06102191928213167
7,11,0.01160836480416673,ACR_23,0.00116345746655128,contra,0.010445428279859238
7,12,0.020158141300559665,ACR_23,0.00860184437924837,contra,0.011558815847363766
8,9,0.026195764921496615,ACR_23,0.006027783816111264,contra,0.020173902569915855
8,10,0.029263020381390954,ACR_23,0.016881249451914767,contra,0.012388524241676333
8,11,0.01997714651173515,ACR_23,0.014328025770453598,contra,0.005650798314843702
8,12,0.020499363338902087,ACR_23,0.021881112365771616,contra,-0.0013823699675095148
9,11,0.012513262246720402,ACR_23,0.010478466905574291,contra,0.0020350649874961487
9,12,0.025527911398941294,ACR_23,0.02021668425209398,contra,0.005314019651926301
10,11,0.038261621480684974,ACR_23,0.028582105412222707,contra,0.009690416466020955
10,12,0.037070263931248605,ACR_23,0.029988650338754128,contra,0.007089613671570426
11,12,0.029855939303321758,ACR_23,0.02522797886183368,contra,0.004631481987739414
0,4,0.03843217775711221,ACR_31,0.045858421569801584,contra,-0.007439492468336396
0,5,0.057621041527519505,ACR_31,0.09283285824855853,contra,-0.035415982003701635
0,8,0.027334625419254598,ACR_31,0.02438465394702755,contra,0.002951947647972415
0,10,0.029377800393177046,ACR_31,0.03288846864577348,contra,-0.0035140779734099507
1,4,0.004377656124144841,ACR_31,-0.0022015819462116587,contra,0.006579269591966057
1,5,0.04644121460816435,ACR_31,0.04564336462423994,contra,0.000799544976042961
1,7,0.001945670993998741,ACR_31,0.001610361692261475,contra,0.0003353103649097282
1,8,0.04184516230812249,ACR_31,0.039776449644967724,contra,0.0020721646426451537
1,10,0.028007189437665933,ACR_31,0.024567344519163925,contra,0.003442226971158105
1,12,0.04693781820955084,ACR_31,0.05438181526139137,contra,-0.007463185516273348
2,3,0.021418221830987304,ACR_31,0.02704373086440079,contra,-0.00562882882441805
2,4,0.0303356484065795,ACR_31,0.03475176175965079,contra,-0.004420802608061186
2,5,0.041208103520513614,ACR_31,0.04375631077204678,contra,-0.0025528158063853335
2,6,0.019935116743178792,ACR_31,0.025245475002214943,contra,-0.00531308215014108
2,7,0.019636532700888484,ACR_31,0.021777633764557814,contra,-0.002142020345925512
2,8,0.015608322591287659,ACR_31,0.007263053527728219,contra,0.00834640902988457
2,9,0.053416998324125345,ACR_31,0.038223914629242475,contra,0.015225344864449646
2,10,0.015677741257847017,ACR_31,0.013106223207216747,contra,0.0025720522161532637
2,11,0.008170732699455709,ACR_31,0.00993128472039785,contra,-0.0017606967134814813
2,12,0.019983885958133295,ACR_31,0.025496009301675414,contra,-0.005514989165869018
3,4,0.036592235167958884,ACR_31,0.046832320594653906,contra,-0.010258023770212878
3,5,0.03427739598292491,ACR_31,0.03346321735411654,contra,0.0008151137706641845
3,7,0.011572940479449385,ACR_31,0.011534079905549699,contra,3.886576184630036e-05
3,11,0.033125346842667464,ACR_31,0.018731061891690944,contra,0.014404217880272008
4,5,0.03984798314992661,ACR_31,0.028502624220076163,contra,0.011358747804808854
4,6,0.017891226981201463,ACR_31,0.01437428270212028,contra,0.003517863488348127
4,7,0.07338318688055226,ACR_31,0.06697571855512349,contra,0.006439204877995389
4,8,0.023205954901880366,ACR_31,0.009531912295616415,contra,0.013677920850873822
4,9,0.09788547965793536,ACR_31,-0.004154021618467202,contra,0.10235396696485469
4,10,0.02225829993413869,ACR_31,0.0077965543472875605,contra,0.014465264523750129
4,11,0.0017614072072549493,ACR_31,0.011734865479654091,contra,-0.009973995153257394
4,12,0.007672682860645385,ACR_31,0.010972040444535468,contra,-0.003299647338756949
5,6,0.030134233577773152,ACR_31,0.00445788533075912,contra,0.025685445041045613
5,7,0.0361444332862324,ACR_31,0.02846711414149777,contra,0.007685377996213584
5,8,0.05077835919407456,ACR_31,0.031888700117640785,contra,0.018922554042293135
5,9,0.10572430290972898,ACR_31,0.05788576497537571,contra,0.048170332589503664
5,10,0.02232834972807012,ACR_31,0.022877701166466473,contra,-0.0005496322575865159
5,11,0.04057550629908686,ACR_31,0.03197808110313961,contra,0.008608807743491924
5,12,0.04464297819911565,ACR_31,0.048148928864337456,contra,-0.0035135174383947795
6,7,0.003298462814816952,ACR_31,0.004016108941433165,contra,-0.0007176557565950156
6,8,0.01963421003100265,ACR_31,0.011611128691212828,contra,0.008025083094143556
6,9,0.09577337792784126,ACR_31,0.058671203646660675,contra,0.037329164000619655
7,8,-0.000983606746410533,ACR_31,-0.014364844415260303,contra,0.01338222552991138
7,9,0.06055503928897399,ACR_31,-0.01086462366490891,contra,0.0714942704289991
7,10,0.007969936347621559,ACR_31,0.005972227998317273,contra,0.0019978060992023204
7,11,0.00506053432779612,ACR_31,0.009093601950876053,contra,-0.004033275097316204
7,12,0.01256386372829885,ACR_31,0.02151682731332307,contra,-0.008955623949854453
8,9,0.07993684487754674,ACR_31,0.037404468212515286,contra,0.04268583644585781
8,10,0.03126060352553268,ACR_31,0.01580418176286224,contra,0.015465294609880081
8,12,0.04030461132652392,ACR_31,0.04808648651915461,contra,-0.00779714459457765
9,10,0.05609739854338712,ACR_31,0.024068977704329725,contra,0.03208272737535767
9,11,0.11991290768308457,ACR_31,0.057127242694095005,contra,0.06330315457445951
9,12,0.0958859063234229,ACR_31,0.08126559913637507,contra,0.014736193206902823
10,12,0.02250533104525308,ACR_31,0.02572008387402285,contra,-0.0032166258245859593
0,1,0.02142614498548935,ACR_33,0.002877680700474193,contra,0.01855173601432453
0,2,0.03033524909680648,ACR_33,0.008339054172146466,contra,0.022005311867380785
0,9,0.006733322714964827,ACR_33,0.00427583346961348,contra,0.0024575649474749273
0,11,0.024174270412417695,ACR_33,0.01025312124939463,contra,0.013925500611075822
0,12,0.05079554680586948,ACR_33,0.02983912453282765,contra,0.020991316655906915
0,13,0.02986064401302211,ACR_33,0.004077340883252012,contra,0.02579216044718062
0,14,0.001906940045760766,ACR_33,-0.004643170409293733,contra,0.006550146134388653
0,15,0.030718748757719377,ACR_33,0.009053815297472905,contra,0.02167435403301598
0,16,0.04506701359476435,ACR_33,0.010908228669835717,contra,0.03418890037930202
0,17,0.013503271446427677,ACR_33,0.0029051927219950965,contra,0.010598891362142171
0,18,0.05473684553766843,ACR_33,0.02075589242147459,contra,0.034032736326808824
1,2,0.03919428086773927,ACR_33,0.021163074938272283,contra,0.0180481340990297
1,3,0.032776843377699996,ACR_33,0.019134552759072138,contra,0.013651700047708232
1,4,0.03522263162141989,ACR_33,0.025325630217175592,contra,0.009906161786210586
1,6,0.04162608742232284,ACR_33,0.013527900472785702,contra,0.028121428937624586
1,7,0.027173787782677414,ACR_33,-0.0003036568681202348,contra,0.027484136133533024
1,8,6.03690431226836e-05,ACR_33,0.0014733186112427347,contra,-0.0014129506340764915
1,10,0.0013843457619116132,ACR_33,-0.004190998736128072,contra,0.0055753699201832145
1,11,0.004453911557817318,ACR_33,0.003918312379713452,contra,0.0005356085766635666
1,15,0.013775870944108905,ACR_33,-0.0015030466779844508,contra,0.015279790290095694
1,16,0.0374237161104293,ACR_33,0.010660330696991113,contra,0.02678046732801314
1,17,0.008442914234191252,ACR_33,0.007379635325709493,contra,0.001063345561646033
1,18,0.02273268703675326,ACR_33,0.004686550992871331,contra,0.018050018841868035
2,3,0.05224832714972258,ACR_33,0.0734299756916508,contra,-0.02126643231153911
2,4,0.024503871630691117,ACR_33,0.011253044887389424,contra,0.013255257845965191
2,5,0.005477767461115203,ACR_33,-0.004675239774667054,contra,0.010153096089319
2,7,0.015516082425684197,ACR_33,0.0009657795915677045,contra,0.014551547873218868
2,8,-0.0028063498176835316,ACR_33,0.0029459460155902804,contra,-0.005752311722808882
2,11,0.00703663742360287,ACR_33,0.005889070027924306,contra,0.0011476154557931353
2,18,0.011397945721031269,ACR_33,0.008507554155075155,contra,0.002890679921986999
3,4,0.01091239237423176,ACR_33,0.009463351440221205,contra,0.0014491916032491389
3,5,0.015582693973639698,ACR_33,0.003456880059343477,contra,0.012127061593133417
3,6,0.0347061775688013,ACR_33,0.013878471680492499,contra,0.020840759558843805
3,7,0.03923979974524251,ACR_33,0.01633864991279472,contra,0.022919854333554587
3,8,0.009906306424695446,ACR_33,0.003637608984635745,contra,0.0062690054659784705
3,10,0.01168990653427069,ACR_33,0.003975587030157203,contra,0.007714831092971435
3,11,0.00362225915147398,ACR_33,0.005986270976598147,contra,-0.0023640674911562173
3,15,0.013058091928966599,ACR_33,0.006854164270293988,contra,0.006204562591169176
3,17,0.006934249560867502,ACR_33,0.0008625196249177104,contra,0.006071840866997539
3,18,0.0331011256207898,ACR_33,0.01419070475023505,contra,0.018921565616764134
4,5,0.01467045598800851,ACR_33,0.005564147955685817,contra,0.00910730321531333
4,6,0.016466973369165895,ACR_33,-0.0037254583507323885,contra,0.02019393759899376
4,7,0.020244051658594622,ACR_33,0.00024949967387018906,contra,0.019997318143159058
4,10,0.006992039230741194,ACR_33,0.0031569647699526567,contra,0.003835177919881513
4,11,0.020663252047039407,ACR_33,0.003906375682869022,contra,0.01675979811028826
4,12,0.0034662158149448377,ACR_33,-0.0009947842136139424,contra,0.004461014238596096
4,13,0.01950400245348475,ACR_33,0.00772546649925146,contra,0.011780855968033641
4,15,0.015657416785826175,ACR_33,0.004067542485420506,contra,0.011591131552497342
4,17,0.030590071322462196,ACR_33,0.008679346657446525,contra,0.021920053652623995
4,18,0.021603867636140674,ACR_33,0.008913021812411118,contra,0.012693971768178047
5,6,0.03407635917653861,ACR_33,0.005243097576198372,contra,0.028846412555319924
5,7,0.06205955743745794,ACR_33,0.020709603264159434,contra,0.04142684915511703
5,8,0.02176497935263308,ACR_33,0.005847760669413076,contra,0.015920589795925717
5,9,0.01647096587661158,ACR_33,0.0010083380343024664,contra,0.015464117227427495
5,10,0.033580251152960504,ACR_33,0.0021650216260717184,contra,0.03142785676033123
5,11,0.01456075911754275,ACR_33,0.00701716668985905,contra,0.0075445064151798275
5,12,0.03507635337183361,ACR_33,0.03426331932972418,contra,0.0008140125282321761
5,13,0.023280781481132655,ACR_33,0.008008929919408117,contra,0.015275887705357295
5,14,0.008858550627900794,ACR_33,0.005075031277362429,contra,0.0037837075117670574
5,15,0.02414226524175785,ACR_33,0.009886004186580529,contra,0.014260631045537323
5,17,0.009143529255908974,ACR_33,0.0015753743011319159,contra,0.007568408476562202
5,18,0.04392900242498377,ACR_33,0.014506547595596133,contra,0.02944972731549058
6,7,0.05117371716242482,ACR_33,0.01059582954497586,contra,0.0406222317528297
6,8,0.03132277849095032,ACR_33,0.019999548358846448,contra,0.011330812804841009
6,9,0.025766302543122215,ACR_33,0.005500077281783179,contra,0.020271874175031047
6,10,0.048451197419675275,ACR_33,0.031498719681243056,contra,0.01698002103027911
6,11,0.0562318191301065,ACR_33,0.03902826217374786,contra,0.01724310417317209
6,12,0.06130893049497749,ACR_33,0.03048331148675707,contra,0.030893161116702053
6,13,0.051966068380416654,ACR_33,0.03612705561146723,contra,0.01587013678503508
6,15,0.052143151185951794,ACR_33,0.027854878484719243,contra,0.024328399922850893
6,17,0.05236093941060996,ACR_33,0.03242078114941688,contra,0.019976722829553255
6,18,0.06855580411389385,ACR_33,0.02181016760823352,contra,0.04684988292879977
7,8,0.030976827834801636,ACR_33,0.0107081346160274,contra,0.02027819770080585
7,9,0.02945008966724065,ACR_33,0.008963740909229745,contra,0.02049462720226905
7,10,0.05560805976919292,ACR_33,0.020230962563691654,contra,0.03543176111026269
7,11,0.03577362665056848,ACR_33,0.007442793904876982,contra,0.028345967499061858
7,12,0.0368058817923789,ACR_33,0.01589603969785846,contra,0.02092513649861201
7,13,0.04954671054986941,ACR_33,0.028143001507967894,contra,0.021436878997276972
7,14,0.029907843045545973,ACR_33,0.003449715153088624,contra,0.026467036310011897
7,15,0.052938621402036194,ACR_33,0.020339568656969828,contra,0.03264578401184739
7,17,0.02243595909704179,ACR_33,0.004856049759440668,contra,0.017583636850409427
7,18,0.0767630359301296,ACR_33,0.025617705688357677,contra,0.05129103637508185
8,10,0.035965566915095455,ACR_33,0.022706225630442754,contra,0.013270957304558375
8,12,0.004101981725933974,ACR_33,0.009980217037661027,contra,-0.005878543683251729
8,13,0.017168740662413386,ACR_33,0.03987688412866677,contra,-0.022727613392785426
8,14,-0.00266889996702218,ACR_33,-0.0030454715957177435,contra,0.00037657470731737195
8,15,0.020589120887204663,ACR_33,0.007786886355256576,contra,0.01280498720336195
8,16,0.03240996326739132,ACR_33,0.01787104378827599,contra,0.014548371625203255
8,17,-0.009996142765341949,ACR_33,-0.00860409408733633,contra,-0.001392169314686137
8,18,0.028538558561706482,ACR_33,0.012157861467296761,contra,0.01638784953374235
9,12,0.0032895275712245195,ACR_33,0.002744087560936845,contra,0.0005454449879754692
9,15,0.015061268959748327,ACR_33,0.006779007149884095,contra,0.008283296960978122
10,14,0.0005791234477335655,ACR_33,-0.0041436964131113425,contra,0.004722843641891782
10,15,0.04770818848550066,ACR_33,0.030809288218948787,contra,0.016925391782766922
10,18,0.09062944414454849,ACR_33,0.05453437368598387,contra,0.03629027639981838
11,12,0.031057611625554093,ACR_33,0.01812483198594043,contra,0.012940786105894508
11,13,0.02606256471525061,ACR_33,0.02481362972770968,contra,0.0012497438556492192
11,15,0.05374885962096037,ACR_33,0.03587791384251095,contra,0.01790738854373017
11,17,0.06167233048775284,ACR_33,0.054435097855013874,contra,0.007261738513661284
11,18,0.03730333849739463,ACR_33,0.013054764226692751,contra,0.024265150045962705
12,13,0.033201244142080984,ACR_33,0.04076024741277375,contra,-0.007569391224684703
12,14,0.002294931048263715,ACR_33,-0.0018268765329365196,contra,0.004121813642514666
12,15,0.11635190086044636,ACR_33,0.033367397767676034,contra,0.08350146593695887
12,17,0.04611285647576433,ACR_33,0.040080237796240356,contra,0.006043862485850204
12,18,0.08786349703014365,ACR_33,0.05343459181610795,contra,0.03460511644485162
13,14,0.03275002272655484,ACR_33,0.03772736684922614,contra,-0.0049835428544956276
13,15,0.05378556019658724,ACR_33,0.017700573806885115,contra,0.036135092835222496
13,17,0.04825392675266174,ACR_33,0.03652593932472324,contra,0.01174923534677319
13,18,0.06212291964873576,ACR_33,0.037265510549978155,contra,0.024920245947948852
14,15,0.04662478898878513,ACR_33,0.050185301931971404,contra,-0.00356887880477285
14,18,0.006901648857169679,ACR_33,9.395600951063454e-05,contra,0.006807802432035331
15,17,0.06407215977935166,ACR_33,0.04246530904115719,contra,0.021669190981927995
15,18,0.07516320040592703,ACR_33,0.031217200958229933,contra,0.044077879726648506
16,18,0.09002875132552515,ACR_33,0.04106440457465851,contra,0.049185663987272164
17,18,0.012466368578167304,ACR_33,5.2115046942148666e-05,contra,0.012414899392285876
0,1,0.02791484015780096,ACR_34,0.039487788703741644,contra,-0.011586237851320517
0,3,0.03263868838186706,ACR_34,0.048267936553071426,contra,-0.01565518819833201
0,4,0.009906615272306268,ACR_34,0.018466349628089018,contra,-0.008561509730241454
0,5,0.01290612554455211,ACR_34,0.018271036831196984,contra,-0.005366228184384949
0,6,0.01283136245215514,ACR_34,-0.0029014415255510066,contra,0.015733516390808104
0,7,0.018360805568358507,ACR_34,0.020039998695525987,contra,-0.0016798127945906842
0,9,0.0058241516158436335,ACR_34,0.012494678663812167,contra,-0.006671111464920637
0,10,0.0066250758618356664,ACR_34,7.842331455722162e-05,contra,0.00654674947813023
1,2,0.015191110534118007,ACR_34,0.023494822726965407,contra,-0.008306868013182655
1,3,0.009856755879737288,ACR_34,0.03378462104700497,contra,-0.02394040867472938
1,4,0.007434481727752795,ACR_34,0.012756134048066824,contra,-0.005322207299902061
1,5,0.005357030665307638,ACR_34,0.015454241743606876,contra,-0.010098390339463198
1,6,-0.0032770170144087386,ACR_34,-0.005600940866261669,contra,0.0023239706906025923
1,7,0.022317176656507835,ACR_34,0.019540381644138176,contra,0.0027780136087979836
1,8,0.006376658129858606,ACR_34,0.012416312914720336,contra,-0.006040206465953991
1,10,-0.006629239823854466,ACR_34,0.000494956158161336,contra,-0.007124293136332756
2,3,0.0514152236995668,ACR_34,0.042055462351112065,contra,0.009380318848902634
2,4,0.005247429746870021,ACR_34,0.007246336845788373,contra,-0.001998985772146052
2,5,0.007904943382474728,ACR_34,0.008266069105675932,contra,-0.0003611493374135206
2,6,0.0008157775315790466,ACR_34,0.0009222265548641823,contra,-0.00010644910377224383
2,7,0.012901634916040152,ACR_34,0.01335017208595587,contra,-0.0004486144689341189
3,4,0.019941576031623304,ACR_34,0.020302977295575213,contra,-0.00036154766071712016
3,5,0.01826396124742244,ACR_34,0.010149322815729191,contra,0.008116321110734596
3,6,0.005729655769636112,ACR_34,0.007731196678657243,contra,-0.0020016322485946073
3,7,0.023181314862140246,ACR_34,0.010614162956815441,contra,0.012570906959239311
3,8,0.011736142331012726,ACR_34,0.014631190279038218,contra,-0.0028955532451883075
3,9,0.008140263053245816,ACR_34,0.007871197737823427,contra,0.0002690825630102447
3,10,0.032646700378003574,ACR_34,0.017702942594777255,contra,0.014953513886080187
4,5,0.05059774870505089,ACR_34,0.027592391187844165,contra,0.023041597341891668
4,6,0.00680603863041708,ACR_34,0.002126940358648566,contra,0.004679200157484036
4,7,0.02743896039863962,ACR_34,0.014854692017802509,contra,0.012590064960056123
4,8,0.008526745233545904,ACR_34,0.009054821511599639,contra,-0.000528117102096267
4,9,0.0027895360186740775,ACR_34,-0.006469378401471233,contra,0.00925901191203701
4,10,0.004420947928131608,ACR_34,-0.002603844366089403,contra,0.0070248269814281485
5,6,0.005507165331439943,ACR_34,0.006983216816257921,contra,-0.0014761093246865942
5,7,0.03355175396037742,ACR_34,0.015593029626193447,contra,0.017970058846169867
5,8,0.05680139910151857,ACR_34,0.029323663444904065,contra,0.027530532921758877
5,9,0.025134948099014984,ACR_34,0.014444766176977155,contra,0.010694472295951636
5,10,0.08726679146123772,ACR_34,0.04578845391798814,contra,0.04166884177411913
6,7,0.01866901702934256,ACR_34,0.011385448329867412,contra,0.007285246073445509
7,8,0.012706172224086348,ACR_34,0.01579643312598546,contra,-0.00309089112249648
7,9,0.017286540250258147,ACR_34,0.02065438651355684,contra,-0.0033690619052014585
7,10,0.03407810471384229,ACR_34,0.02847557445594022,contra,0.0056080309884179
8,9,0.026464288798020017,ACR_34,0.0190813736247226,contra,0.007386779593426224
8,10,0.1253669231511602,ACR_34,0.0880208213708525,contra,0.03778077627479086
9,10,0.09077344029976683,ACR_34,0.0294216908390358,contra,0.061593814324279426
